id,sfdc_id,FirstName,LastName,Salutation,RoverStatus,OtherStreet,OtherCity,OtherState,OtherPostalCode,OtherCountry,MailingStreet,MailingCity,MailingState,MailingPostalCode,MailingCountry,Phone,Fax,MobilePhone,HomePhone,OtherPhone,Email,LeadSource,Birthdate,HasOptedOutOfEmail,HasOptedOutOfFax,DoNotCall,Personal_Email__c,Gender,ASU_Gmail__c,Arizona_Resident__c,Visa_Type__c,Undergraduate_GPA__c,Jr_Sr_GPA__c,Military_Status__c,Military_Branch__c,Email_Status__c,Marital_Status__c,Ethnicity,FERPA__c,Undergraduate_Major__c,Graduate_GPA__c,Contact_Preference__c,Student_Number__c,ASURite_ID__c,Deceased__c,ASU_Email__c,Test_Record__c
1,,Viva,Lowe,Dr.,No,"6070 Leilani Lodge","North Carolyn",Pennsylvania,35776-0922,"United States","942 Reid Crossing",Aidanbury,Massachusetts,60453,"United States","248-231-7904 x9713","(425) 320-9230",424-267-8552,"(517) 786-5014 x8697","(731) 214-0531 x1744",viva@example.com,"Test Scores","1996-04-12 23:18:45.000000",false,false,true,viva@example.com,Male,Viva@asu.gmail,false,,1.39384323497363,2.13146115207169,,,Role,Married,Hispanic,false,"Computer Science",3.63723179420337,"Mobile Phone",2303157686,1204710538,false,Viva.Lowe@asuFake.edu,
2,,Price,Nader,Mr.,No,"71686 Grant Crest","New Brennaview",Wisconsin,71407,"United States","4991 McDermott Fork",Claudeshire,Nebraska,46128-4203,"United States","330-202-1353 x3612","(509) 409-9899","(623) 835-3430","231-512-1569 x6807","(419) 302-2787 x5470",price@example.net,Advertisement,"1989-09-02 22:19:46.000000",true,false,true,price@example.net,Male,Price@asu.gmail,false,,3.90062555961335,2.51495916238188,,,Valid,Single,Hispanic,false,Economics,,"Home Phone",7049638857,1207734536,false,Price.Nader@asuFake.edu,
3,,Rosemarie,Tremblay,Dr.,No,"33279 Orn Throughway","West Nyasia",Ohio,49037,"United States","341 Lisandro Freeway",Summertown,Nebraska,71250-6161,"United States","781.660.5997 x5060",417.276.9735,"630.512.2571 x5052",216-904-6981,"(415) 470-1442",rosemarie@example.com,"Web Form","1993-10-07 23:44:42.000000",true,true,true,rosemarie@example.com,Unknown,Rosemarie@asu.gmail,false,,3.20996550374729,2.96752356823178,,,Role,Unknown,"Black African-American",true,Economics,3.50449442069098,"Local Phone",0467278611,1208046118,false,Rosemarie.Tremblay@asuFake.edu,
4,,Nikolas,Jacobs,Ms.,No,"18574 Julie Burgs",Furmanfort,Vermont,16943-0136,"United States","77410 Hermiston Oval",Meganeshire,Alaska,38210-5206,"United States","(520) 510-2169","(830) 518-0815 x4365","(301) 424-4923 x1547","704-667-1825 x4528",805-786-7059,nikolas@example.com,"Phone Call","1992-03-31 05:35:57.000000",true,false,false,nikolas@example.com,Female,Nikolas@asu.gmail,false,,3.89282203439792,1.85564009137579,,,Valid,Single,"Black African-American",false,"Computer Science",3.65195118270023,"Home Phone",5814270385,1203948890,false,Nikolas.Jacobs@asuFake.edu,
5,,Golda,Wiegand,Ms.,No,"456 Baumbach Lakes","North Merle",Nebraska,53377-3875,"United States","82532 Beahan Forge",Stiedemannview,Colorado,87078,"United States","(361) 515-6526 x0098",808-564-4113,"662.352.6584 x5529","336.973.0376 x3536",907-712-4169,golda@example.org,"Phone Call","1992-08-04 23:30:41.000000",false,false,false,golda@example.org,Female,Golda@asu.gmail,true,,1.32930603935615,1.76455162994874,,,Role,Single,"Pacific Islander",false,Biology,3.92597105003161,"Local Phone",9180259296,1208447270,false,Golda.Wiegand@asuFake.edu,
6,,Mona,Stokes,Prof,No,"29230 Imogene Stream","Port Genovevaton",Louisiana,49787-6755,"United States","68220 Efrain Parkways",Heidiborough,Missouri,61187-3916,"United States","816.331.9042 x4575","(510) 606-2797",830-848-7303,303-719-5279,"(508) 213-9862 x0786",mona@example.net,"Partial App","1991-05-13 13:29:52.000000",true,false,true,mona@example.net,Unknown,Mona@asu.gmail,true,,2.45836281901067,2.30180509354121,,,Temp,Unknown,Asian,false,Economics,,Email,5567337670,1203266228,false,Mona.Stokes@asuFake.edu,
7,,Camron,Moen,Ms.,No,"83863 Shayna Trace",Blandaport,California,99686-2420,"United States","462 Nichole Center","South Dannyburgh","New Mexico",77469-6860,"United States","(214) 828-3722","956-262-8818 x6030","715.320.8532 x2231","559.434.6297 x1704","501.631.6321 x3936",camron@example.org,"Purchased List","1990-06-05 15:08:06.000000",true,true,false,camron@example.org,Female,Camron@asu.gmail,false,,2.5858047019982,2.30640929510573,,,Temp,Single,White,false,Mathematics,,"Local Phone",7757701440,1204975092,false,Camron.Moen@asuFake.edu,
8,,Joy,Kuvalis,Mr.,No,"2219 Era Place","West Leilanihaven",Nevada,95453-3363,"United States","6704 Corkery Station","Lake Sincereburgh","New Mexico",11093,"United States","(302) 210-5812 x5733",301-419-7248,"(781) 947-7284",959-828-3400,445.253.1555,joy@example.org,"College Fair - Int","1994-02-10 00:57:50.000000",false,true,false,joy@example.org,Male,Joy@asu.gmail,true,,2.25755804133058,1.91682008650768,,,Temp,Divorced,Asian,false,Biology,,"Home Phone",5430843444,1209537487,false,Joy.Kuvalis@asuFake.edu,
9,,Lonzo,Treutel,Dr.,No,"6264 Williamson Mountain","South Tierra",Maine,80509-4381,"United States","278 Keith Corners","Port Emilioshire",Minnesota,38053,"United States","512-206-2792 x8188",509.862.7694,"302-585-0688 x0085","786-973-1327 x7246","203-210-6169 x2585",lonzo@example.com,"College Fair - Int","1991-02-11 04:32:10.000000",false,true,true,lonzo@example.com,Unknown,Lonzo@asu.gmail,false,,1.12763568749077,2.61686640708921,Veteran,Marines,Temp,Single,Hispanic,true,Economics,3.30482733588306,Email,7613495674,1208398603,false,Lonzo.Treutel@asuFake.edu,
10,,Anabelle,Schaden,Mrs.,No,"5466 Janelle Square","Lake Myrna",Connecticut,96934,"United States","29589 Zboncak Mews","North Easter",Connecticut,48682,"United States",351.502.1422,"(720) 302-1662","310-424-3187 x3814",608-307-9655,"479-401-7924 x9384",anabelle@example.org,"Phone Call","1993-03-30 05:33:40.000000",true,true,false,anabelle@example.org,Female,Anabelle@asu.gmail,false,,1.24673972997899,3.94312555913752,,,Role,Married,Hispanic,true,"Mechanical Engineering",3.69026616095984,Email,4508600969,1207570316,false,Anabelle.Schaden@asuFake.edu,
11,,Barrett,Bartoletti,Mr.,No,"7985 Jayce Brook","Lake Dillanhaven",Hawaii,11301-2246,"United States","365 Yundt Fall","Port Jazmyn",Wisconsin,86241-8079,"United States","301.210.4593 x8674","419-678-2607 x9212",317.810.2850,"(557) 218-1172 x3506",225-509-6804,barrett@example.org,"Purchased List","1991-05-31 21:33:09.000000",true,true,true,barrett@example.org,Male,Barrett@asu.gmail,true,,3.21417962880617,2.76784450327473,,,Role,Married,"Black African-American",false,Economics,,Email,9014850213,1208520534,false,Barrett.Bartoletti@asuFake.edu,
12,,Layne,Corkery,Mr.,No,"778 Jenkins Court",Botsfordland,Nebraska,76444,"United States","38762 Bergnaum Inlet",Kubfort,Vermont,58491-8932,"United States","804.708.0844 x0116","(704) 254-8866","(518) 318-9302",941.464.1704,"(863) 469-9730",layne@example.com,Advertisement,"1995-02-04 23:45:01.000000",true,false,false,layne@example.com,Male,Layne@asu.gmail,false,,1.96308759707122,1.11455692587111,,,Temp,Married,"Pacific Islander",false,"Mechanical Engineering",3.00908512943986,"Home Phone",0261448512,1204944291,false,Layne.Corkery@asuFake.edu,
13,,Maya,Flatley,Mr.,No,"62225 Osinski Mission","New Dereck",Georgia,55068-0733,"United States","282 Wava Mill",Mohrburgh,Vermont,83190-8317,"United States","(323) 805-7420 x7892",848-415-5360,"646-615-0612 x1024","401.212.7929 x2878","227-410-2275 x2591",maya@example.com,"Employee Referral","1995-06-29 21:12:49.000000",true,false,false,maya@example.com,Male,Maya@asu.gmail,false,,3.73088935028118,3.35126013190551,,,Valid,Married,Asian,false,Business,3.83663422695782,"Home Phone",8744583916,1205049878,false,Maya.Flatley@asuFake.edu,
14,,Clemmie,Windler,Mrs.,No,"74563 Connelly Valley","West Mathiaston",Louisiana,72274-8983,"United States","731 Garnett Ridges","East Pattie","Rhode Island",94266-3069,"United States","561-505-7476 x8218","(507) 918-9737","(952) 678-9189",804.856.6667,765.234.7857,clemmie@example.com,"Partial App","1996-03-13 23:39:47.000000",false,false,true,clemmie@example.com,Female,Clemmie@asu.gmail,true,,3.48516062083234,3.4926123520953,,,Valid,Married,White,true,"Mechanical Engineering",3.11130753776656,"Home Phone",8850015985,1208345086,false,Clemmie.Windler@asuFake.edu,
15,,Brenden,Waelchi,Mrs.,No,"100 Lenny Circle","New Robin",Alabama,10625-4671,"United States","59099 Bechtelar Circles",Janechester,Texas,24549-1520,"United States","(848) 808-0848","214.479.0800 x6004","904-763-4033 x1788","813.734.3753 x5292","617-936-2414 x3715",brenden@example.net,Email,"1994-12-15 15:48:24.000000",true,false,true,brenden@example.net,Female,Brenden@asu.gmail,false,,1.87678713725137,1.45746630270747,,,Valid,Married,Hispanic,false,"Computer Science",3.39305260119814,"Home Phone",3129158210,1201768925,false,Brenden.Waelchi@asuFake.edu,
16,,Janiya,Prohaska,Mrs.,No,"88474 Wade Flats",Lonieville,Texas,27761-2341,"United States","766 Crooks Via","North Conradberg",Alaska,79908,"United States","908-970-5695 x2406",662-307-4584,"(505) 586-3840 x4100",316.770.0651,"262.602.8018 x1027",janiya@example.com,"Purchased List","1991-06-21 13:40:33.000000",true,false,true,janiya@example.com,Female,Janiya@asu.gmail,true,,1.06810726339426,1.88008383422464,,,Valid,Married,White,false,Mathematics,,"Mobile Phone",5604879209,1205508150,false,Janiya.Prohaska@asuFake.edu,
17,,Chris,Fadel,Dr.,No,"76652 Melvin Meadow","East Stephanieville",Utah,36171-6460,"United States","3603 Hamill Trace","West Paytonside",Hawaii,21787,"United States",415-701-7538,"954-319-2157 x6107",252.312.8835,"660.475.7689 x0401","661-216-5363 x9865",chris@example.com,"Test Scores","1992-05-06 06:05:52.000000",false,false,true,chris@example.com,Male,Chris@asu.gmail,false,,1.29723347199699,3.61417647138566,,,Role,Single,"Am. Indian Alaska Native",false,Mathematics,,"Local Phone",6933751554,1205136928,false,Chris.Fadel@asuFake.edu,
18,,Maxwell,Zieme,Dr.,No,"982 Braun Rapid",Lynchtown,Vermont,35368,"United States","251 Block Summit","East Laurianne",Idaho,80940,"United States","713.207.3261 x6847","(212) 206-3915 x2985","360.281.7796 x7139","(702) 347-5161 x3669","(623) 845-9096",maxwell@example.org,"ASU UG","1993-09-19 08:25:38.000000",true,false,true,maxwell@example.org,Unknown,Maxwell@asu.gmail,false,,1.06884217332341,2.1616543996301,,,Valid,Single,Asian,true,Psychology,,Email,7765816897,1203538592,false,Maxwell.Zieme@asuFake.edu,
19,,Madisyn,Rowe,Ms.,No,"9472 Zetta Plaza","South Jarrellport","New Hampshire",29952,"United States","9919 Rozella Villages","North Mosesstad",Nebraska,69990,"United States",480-612-2097,206.234.0111,"269-251-5811 x4668","717-508-6394 x1510",501-731-0853,madisyn@example.org,Walk-in,"1995-11-13 21:42:29.000000",true,false,true,madisyn@example.org,Female,Madisyn@asu.gmail,false,,3.43299077020254,1.85597262219544,,,Role,Single,White,true,Psychology,,"Mobile Phone",5181790985,1209811012,false,Madisyn.Rowe@asuFake.edu,
20,,Malinda,Pfannerstill,Mr.,No,"78831 Hagenes Light","South Elinoremouth",Louisiana,66651,"United States","7671 Jerde Oval",Franciscafurt,"South Carolina",67809-8535,"United States",580-906-6434,425-610-2464,"302.480.0736 x9894","612-479-5085 x3419","816.641.7957 x2662",malinda@example.org,"College Fair - US","1992-03-29 20:43:06.000000",true,true,false,malinda@example.org,Male,Malinda@asu.gmail,false,,2.0239385655138,1.58165456212452,,,Temp,Divorced,White,true,Psychology,,"Mobile Phone",7307880868,1200967322,false,Malinda.Pfannerstill@asuFake.edu,
21,,Sabina,Emard,Mr.,No,"114 Dock Mews",Shyannport,Pennsylvania,97272,"United States","28436 Jordon Fords","North Desmondchester",Ohio,14930-5638,"United States","219-504-0719 x4882",985.609.5552,"484-415-4918 x9188","281-712-2548 x5509",610.337.2480,sabina@example.com,"College Fair - US","1989-07-27 03:10:44.000000",false,false,false,sabina@example.com,Male,Sabina@asu.gmail,true,,3.87853258924859,1.30086619899461,,,Role,Unknown,Hispanic,true,"Political Science",3.55658223384478,"Home Phone",6272608727,1209757704,false,Sabina.Emard@asuFake.edu,
22,,Torrey,Pouros,Mrs.,No,"88281 Nettie Mills","North Kurtchester",Mississippi,83888-0459,"United States","9990 Konopelski Mount",Chazshire,Arizona,62487,"United States","480.317.7799 x4759",409.916.6452,208-352-4123,331-702-3441,"701-781-7794 x2243",torrey@example.net,"Partial App","1992-01-18 02:00:08.000000",true,false,false,torrey@example.net,Female,Torrey@asu.gmail,true,,1.16817488490753,3.05543012113619,,,Temp,Married,"Black African-American",false,Biology,3.52318804175461,"Home Phone",4634207272,1207576962,false,Torrey.Pouros@asuFake.edu,
23,,Courtney,Baumbach,Mrs.,No,"20565 Ethel Road","New Gaylordland",Idaho,14074-1220,"United States","90236 Abdul Meadows",Lakinville,Wyoming,40055-1450,"United States","331-512-5844 x5462",830-708-1670,937.713.8181,309-661-3169,785-256-6606,courtney@example.com,"Web Form","1990-07-26 09:48:00.000000",true,true,true,courtney@example.com,Female,Courtney@asu.gmail,true,,2.29984161441948,3.17646906325163,,,Temp,Married,"Black African-American",false,Economics,3.4831741790975,"Home Phone",6590953963,1206711474,false,Courtney.Baumbach@asuFake.edu,
24,,Leopoldo,Collier,Mr.,No,"6279 Ward Burg",Russelburgh,Iowa,39837,"United States","6605 Gavin Common",Veumhaven,Maryland,35206,"United States","(219) 832-9283 x3759","571-786-6226 x3343","(781) 707-5907 x8697","(936) 530-5782 x4101","(203) 260-0722 x9212",leopoldo@example.org,"College Fair - US","1995-10-28 06:20:59.000000",false,true,true,leopoldo@example.org,Male,Leopoldo@asu.gmail,false,,2.14101426599187,1.15175009005484,,,Role,Unknown,Asian,false,"Political Science",3.49993211999105,"Home Phone",1740534614,1201440353,false,Leopoldo.Collier@asuFake.edu,
25,,Emilia,Witting,Mr.,No,"5646 Maximillia Place",Fisherland,Georgia,15946-6568,"United States","41170 Bernier Estates","Lake Edahaven","Rhode Island",24130-7674,"United States","786-774-1385 x0263","831.906.4721 x6467","(843) 667-1648 x5133",703-203-1669,"605-682-8641 x5721",emilia@example.net,"Partial App","1993-09-13 00:55:37.000000",true,false,true,emilia@example.net,Male,Emilia@asu.gmail,true,,2.00714366364794,2.22936568208306,,,Temp,Single,Hispanic,true,"Political Science",,"Local Phone",8545404932,1208855181,false,Emilia.Witting@asuFake.edu,
26,,Randall,Runolfsson,Mr.,No,"99630 Kris Pines",Rogahnhaven,Ohio,43399,"United States","876 Evans Ports",Edwinhaven,Alabama,78805,"United States","619-267-9240 x3480","(304) 952-3389 x8559","(317) 618-5364 x8618",918-405-4177,"773-234-7909 x3928",randall@example.org,"Purchased List","1989-06-30 10:41:54.000000",true,true,false,randall@example.org,Male,Randall@asu.gmail,true,,3.3767617094169,1.28157956052059,,,Valid,Single,"Am. Indian Alaska Native",true,Biology,3.11275103651208,"Home Phone",6272749330,1207632848,false,Randall.Runolfsson@asuFake.edu,
27,,Merlin,Klocko,Prof,No,"4258 Kris Brook",Gorczanyport,Illinois,13210,"United States","619 Hillary Forks","Lake Adeleville",Alaska,84270,"United States","(630) 857-7948 x6498",337.423.3914,"(501) 269-7724","209-253-4142 x8871","(847) 619-1488",merlin@example.net,Advertisement,"1992-10-05 00:52:54.000000",false,true,false,merlin@example.net,Female,Merlin@asu.gmail,false,,2.43607757055086,1.27913062181552,,,Valid,Single,White,true,Biology,3.0198624754565,"Home Phone",8547742869,1200797267,false,Merlin.Klocko@asuFake.edu,
28,,Jermey,Collier,Ms.,No,"59167 Herzog Mountain","North Madison",Utah,22434,"United States","6381 Josianne Valleys","Lake Hettiemouth",Louisiana,96688-5572,"United States","878.508.6006 x4557","310-419-6970 x8480",267-845-5784,227-770-5043,"508-206-9528 x9231",jermey@example.net,"Test Scores","1990-07-29 06:32:31.000000",false,false,false,jermey@example.net,Female,Jermey@asu.gmail,true,,3.26896762347486,3.41242930171536,,,Temp,Single,Asian,true,Mathematics,,"Local Phone",9442461761,1206381589,false,Jermey.Collier@asuFake.edu,
29,,Helmer,Leuschke,Dr.,No,"25314 Liana Circle",Kerluketown,"West Virginia",25357,"United States","258 Norberto Loaf","South Garlandberg","New Mexico",63525,"United States","716-660-2403 x2482","817-251-9337 x4927","828-609-8258 x6207","908.785.8583 x5227","870-424-6016 x7314",helmer@example.com,"College Fair - US","1990-08-22 07:15:29.000000",false,true,true,helmer@example.com,Unknown,Helmer@asu.gmail,true,,3.05516385698545,2.89696632730229,,,Role,Married,Hispanic,true,Biology,3.24847543188374,"Mobile Phone",2634243115,1200906058,false,Helmer.Leuschke@asuFake.edu,
30,,Dawn,Flatley,Mrs.,No,"51411 Haskell Rest",Effertzton,Montana,48396,"United States","54473 Osinski Extension","North Billie","New Mexico",17233-7811,"United States","408.984.1666 x6712","954-561-4990 x3745",252-517-3631,808-737-1384,"501-518-3285 x1865",dawn@example.org,PeopleSoft,"1995-10-23 09:05:45.000000",true,true,true,dawn@example.org,Female,Dawn@asu.gmail,true,,3.52503442037762,2.32171458784721,,,Role,Married,"Am. Indian Alaska Native",false,Psychology,,"Local Phone",4391148108,1203790321,false,Dawn.Flatley@asuFake.edu,
31,,Thelma,Stiedemann,Mr.,No,"807 King Drives",Bernhardtown,Tennessee,70442,"United States","558 Mosciski Mountains",Fadelberg,California,49411,"United States","(253) 305-4018 x6757",478.832.0915,"518.410.5042 x2354","989.949.9468 x7769","913-503-4458 x1717",thelma@example.net,PeopleSoft,"1989-12-10 06:35:47.000000",true,true,false,thelma@example.net,Male,Thelma@asu.gmail,true,,2.58201685119858,2.51306762026563,,,Valid,Unknown,"Black African-American",false,Business,,Email,5625967793,1200002534,false,Thelma.Stiedemann@asuFake.edu,
32,,Novella,Harris,Prof,No,"909 Emile Ridge","New Daleville",Florida,86930,"United States","8558 Towne Route","North Bennieton",Kentucky,14960-8777,"United States","(975) 707-1442","(530) 661-0729 x1780","(707) 915-8293 x8738","878.918.4576 x5964","919-470-5755 x3545",novella@example.com,PeopleSoft,"1995-06-09 04:39:49.000000",false,true,false,novella@example.com,Unknown,Novella@asu.gmail,true,,3.61540867697698,1.79782524292899,,,Role,Single,Hispanic,true,Psychology,3.33480498318995,"Mobile Phone",2554252088,1201224352,false,Novella.Harris@asuFake.edu,
33,,Evert,Lebsack,Mrs.,No,"81907 Sydnie Freeway",Judsontown,Montana,23766,"United States","183 Olson Locks","D'angeloton",Massachusetts,75123,"United States","254-765-5720 x9290","(602) 858-7656 x9857","708-631-2800 x4486","(850) 603-0739","(727) 773-0271 x8541",evert@example.net,Advertisement,"1991-12-15 02:33:36.000000",true,true,false,evert@example.net,Female,Evert@asu.gmail,true,,2.22161317810761,2.36189153134073,,,Temp,Married,Asian,true,Psychology,3.59902387714836,Email,5043163307,1205667220,false,Evert.Lebsack@asuFake.edu,
34,,Marina,Botsford,Mrs.,No,"2696 Klein Dam","South Geoffreychester",Kansas,81690,"United States","2156 Rippin Summit",Melissaton,Florida,45376-6469,"United States",936.312.9575,520.573.7817,"(817) 203-9996 x7382","(913) 464-6203","227-970-5770 x2965",marina@example.org,"College Fair - US","1994-08-05 00:22:59.000000",false,false,false,marina@example.org,Female,Marina@asu.gmail,false,,1.98572327773169,3.14627115103965,Veteran,"Air Force",Valid,Married,"Black African-American",false,Psychology,,"Mobile Phone",1473908705,1207371553,false,Marina.Botsford@asuFake.edu,
35,,Aisha,Schinner,Mrs.,No,"30978 Christopher Circles","Lake Jarvis",Utah,10384,"United States","87353 Howe Shoal",Dorisside,Florida,68146-9134,"United States","407-641-6236 x6695","859-508-1268 x4389","334-724-1479 x7256","(724) 423-6992","252-505-6257 x1048",aisha@example.net,"Test Scores","1990-10-17 13:43:43.000000",false,true,false,aisha@example.net,Female,Aisha@asu.gmail,false,,3.95724182261942,2.64077196160045,,,Role,Married,"Am. Indian Alaska Native",false,Mathematics,3.25475984089587,"Local Phone",1191212398,1200264476,false,Aisha.Schinner@asuFake.edu,
36,,Mark,Raynor,Ms.,No,"5878 Hayes Fields",Ziemeland,Pennsylvania,22192-2304,"United States","893 Emelia Port","East Eve",Massachusetts,68497-6110,"United States",330.318.1713,469-212-0490,"720-719-2232 x7530","443-218-1822 x2620","724-316-3190 x4323",mark@example.com,"Phone Call","1996-03-11 23:15:23.000000",false,false,true,mark@example.com,Female,Mark@asu.gmail,false,,3.1556585839414,1.66995142891138,,,Role,Single,White,false,Biology,3.07126764079416,"Mobile Phone",1993519774,1207813195,false,Mark.Raynor@asuFake.edu,
37,,Assunta,Wiegand,Dr.,No,"7045 Wolf Route","South Rachelleview",Oregon,66912-4243,"United States","4675 Zieme Landing","Lake Karichester",Michigan,21786,"United States","(667) 283-9124","(785) 314-5535","(227) 540-2295 x3162","228-360-5221 x7957","973-330-3864 x0293",assunta@example.org,"College Fair - Int","1993-12-03 00:26:35.000000",false,true,false,assunta@example.org,Male,Assunta@asu.gmail,false,,3.89540703356644,3.17890202684038,,,Role,Divorced,"Black African-American",false,Biology,3.85177345926558,"Local Phone",4190873835,1207902864,false,Assunta.Wiegand@asuFake.edu,
38,,Margarete,Oberbrunner,Prof,No,"6430 Lorenz Road",Ramonstad,"West Virginia",74179-6625,"United States","427 Blair Lodge","North Rosaleehaven",Hawaii,20369-2297,"United States","650-718-8630 x5177","212-440-6143 x9818","843.231.9153 x4112","757-585-4121 x4075","351-786-7567 x5931",margarete@example.org,"ASU UG","1991-04-17 18:28:11.000000",true,true,true,margarete@example.org,Female,Margarete@asu.gmail,true,,1.42545467325088,2.08991519116261,,,Temp,Divorced,"Pacific Islander",true,Biology,3.14405432910941,"Local Phone",0973753904,1205017507,false,Margarete.Oberbrunner@asuFake.edu,
39,,Henri,King,Mrs.,No,"8681 Braeden Courts","New Kittyborough",Maryland,84658,"United States","179 Thiel Ridges",Demarcoton,Ohio,31550-6941,"United States","(434) 814-8543 x4084",580-314-9429,971-205-3771,415-818-9033,"646-404-4921 x8362",henri@example.com,"College Fair - Int","1995-03-02 05:53:57.000000",false,true,true,henri@example.com,Female,Henri@asu.gmail,true,,1.11112703405568,2.53333303634298,,,Role,Married,"Am. Indian Alaska Native",true,Mathematics,3.46742289022071,"Local Phone",6246980342,1205663979,false,Henri.King@asuFake.edu,
40,,Cathrine,Barrows,Dr.,No,"686 Katlyn Locks",Torpview,Missouri,49338-0509,"United States","4510 Schulist Gardens","North Trent","North Dakota",49979,"United States","712-907-6148 x6654","303.785.8228 x0750","(667) 910-3774 x3116",914-914-0799,941.906.4271,cathrine@example.com,Email,"1991-03-11 07:04:43.000000",false,false,true,cathrine@example.com,Unknown,Cathrine@asu.gmail,true,,1.66014751478132,1.05763095907654,,,Valid,Divorced,Hispanic,false,"Political Science",3.59850186548577,"Home Phone",7755679201,1202780176,false,Cathrine.Barrows@asuFake.edu,
41,,Alden,Bartell,Dr.,No,"223 Cecilia Islands","East Casimermouth",Utah,69835-1689,"United States","89728 Boyer Mountains","North Courtney",Alabama,94985,"United States","513-517-6881 x0044","240-501-2133 x8876",646-850-5876,"339-812-4346 x0666","770-971-2578 x1980",alden@example.net,"ASU UG","1990-01-04 13:41:05.000000",false,true,true,alden@example.net,Female,Alden@asu.gmail,true,,3.76543144554212,3.78322751745101,,,Valid,Divorced,"Black African-American",false,"Mechanical Engineering",3.37919559360525,"Local Phone",8605799885,1209194186,false,Alden.Bartell@asuFake.edu,
42,,Dereck,Walsh,Ms.,No,"30393 Kirlin Flats","East Mary","New Jersey",73062,"United States","9410 Kiera Alley","New Lorenaberg","North Carolina",72268,"United States",785.484.1239,614-936-5266,518-413-0386,408.508.9110,"810-940-6127 x8524",dereck@example.net,"Partial App","1991-01-11 08:26:38.000000",false,true,false,dereck@example.net,Female,Dereck@asu.gmail,false,,3.75668426011513,3.82352575964219,,,Role,Single,"Am. Indian Alaska Native",true,"Political Science",3.11657434018968,"Local Phone",7568372305,1203499321,false,Dereck.Walsh@asuFake.edu,
43,,Meghan,Sawayn,Dr.,No,"108 Ratke Flat","South Lelia",Maryland,45293-4272,"United States","69081 Ryley Shore","North Porterton",Illinois,52255,"United States","(570) 803-8017","(330) 216-2493 x6302",636-650-4743,843-254-8110,"(979) 561-3031 x3303",meghan@example.com,"College Fair - US","1995-11-01 14:52:24.000000",true,true,false,meghan@example.com,Female,Meghan@asu.gmail,false,,1.35869045486182,2.74756562020299,,,Temp,Divorced,"Pacific Islander",false,Biology,,"Home Phone",4024228113,1208130329,false,Meghan.Sawayn@asuFake.edu,
44,,Lawrence,Halvorson,Mr.,No,"5035 Jacobi Station","East Ines",Arkansas,92123,"United States","2815 Eli Valleys","East Jimmyton",Alaska,97136,"United States",209-517-8134,712-713-9753,503-941-3337,"(251) 772-8435 x8287","307.413.4264 x8818",lawrence@example.com,Event,"1996-04-02 18:14:46.000000",false,true,false,lawrence@example.com,Male,Lawrence@asu.gmail,true,,2.31449864352332,1.32200203890996,,,Role,Single,Asian,true,Mathematics,3.31471008172744,Email,1325640162,1200565125,false,Lawrence.Halvorson@asuFake.edu,
45,,Josefa,Reinger,Ms.,No,"4361 Schroeder Inlet",Bartelltown,"South Dakota",39014-8201,"United States","31994 Bruen Knoll",Champlinton,Hawaii,97257,"United States","352.540.8934 x4971",979.216.1895,"218.303.4586 x5562","810.319.3863 x7989",724.772.3794,josefa@example.net,"College Fair - Int","1993-04-05 18:40:39.000000",true,true,true,josefa@example.net,Female,Josefa@asu.gmail,true,,2.19207075898147,2.72021386932063,"Active Duty",Army,Temp,Single,"Black African-American",false,Biology,3.64430630047535,"Local Phone",7052989101,1208150117,false,Josefa.Reinger@asuFake.edu,
46,,Malcolm,Mertz,Prof,No,"6536 Morissette Field",Conroybury,Delaware,78883-7795,"United States","631 Marco Islands",Windlerborough,Indiana,60345,"United States","(925) 518-2718",412-917-5080,"502-713-5188 x1907",605-208-0412,"650-517-9936 x3949",malcolm@example.com,"Web Form","1994-04-09 19:29:04.000000",false,false,true,malcolm@example.com,Male,Malcolm@asu.gmail,false,,1.06761728308647,2.46983351715613,"National Guard","Coast Guard",Valid,Unknown,White,false,"Mechanical Engineering",3.25458272676073,Email,0658803456,1202132719,false,Malcolm.Mertz@asuFake.edu,
47,,Fleta,Thiel,Mrs.,No,"3390 Carlee Falls",Georgiannaborough,Florida,10501,"United States","94033 Monty Trail",Koleside,Nebraska,70255-7631,"United States","727.281.8844 x4252","(563) 806-9991 x9917",620-585-4937,903-989-7881,209.301.7698,fleta@example.net,"Phone Call","1989-10-21 03:07:18.000000",true,true,false,fleta@example.net,Female,Fleta@asu.gmail,false,,3.48011342592279,1.19218082276262,,,Valid,Married,White,true,"Computer Science",3.2764039144661,"Local Phone",9433992770,1203431596,false,Fleta.Thiel@asuFake.edu,
48,,Loraine,Lang,Prof,No,"195 Bahringer Mount","South Cheyennefurt",Tennessee,52515,"United States","91304 Huel Hill",Ernserhaven,Kentucky,24652-1036,"United States","475-206-8687 x1533","530-920-1880 x1827","(469) 404-6407 x6921",920.814.3493,339-307-7259,loraine@example.org,Walk-in,"1992-10-11 03:12:47.000000",true,false,true,loraine@example.org,Unknown,Loraine@asu.gmail,true,,2.67038180749373,3.7508823100509,,,Valid,Single,White,true,Psychology,,"Local Phone",3322436366,1203126678,false,Loraine.Lang@asuFake.edu,
49,,Oleta,Turcotte,Mrs.,No,"1329 Dwight Ford","South Albina","New Mexico",24876,"United States","11300 Hintz Flat","Lake Evelineton",Colorado,17610,"United States",858-660-8303,"205.845.9088 x1274",231.716.6601,"305-919-9122 x9751",404-775-5537,oleta@example.net,Email,"1992-09-15 23:52:43.000000",false,true,false,oleta@example.net,Female,Oleta@asu.gmail,false,,3.28736460388536,3.7009803260447,,,Temp,Married,"Black African-American",true,Business,,"Mobile Phone",0060057997,1207782594,false,Oleta.Turcotte@asuFake.edu,
50,,Josianne,Lesch,Mrs.,No,"639 Aracely Park","South Elna","New Jersey",53791-2201,"United States","360 Schuppe Wells",Stiedemannborough,Indiana,44240,"United States","(650) 475-7288 x1061",661-216-1430,"(908) 270-1160 x7334","239.570.4680 x0418","708-207-9119 x9075",josianne@example.org,Advertisement,"1994-03-12 13:28:07.000000",false,true,false,josianne@example.org,Female,Josianne@asu.gmail,false,,2.25173348262824,2.47789395600268,,,Valid,Married,White,false,Mathematics,3.16270540834094,"Home Phone",7392912714,1209946812,false,Josianne.Lesch@asuFake.edu,
51,,London,Beatty,Dr.,No,"47624 Troy Groves","East Kayleigh",Wisconsin,79405,"United States","84241 Mante Curve",Parisianfort,California,58194-4581,"United States",323-810-0646,"(801) 718-4161 x8632","(283) 563-3779 x1953","317-323-7667 x0958",847-619-7943,london@example.net,"College Fair - Int","1994-07-29 20:16:19.000000",true,false,true,london@example.net,Female,London@asu.gmail,false,,1.55045416534528,1.1426128340647,,,Valid,Single,"Pacific Islander",true,Mathematics,,"Local Phone",6553096883,1203330289,false,London.Beatty@asuFake.edu,
52,,Elinore,Gislason,Mrs.,No,"307 Furman Mall",Christyberg,Maine,15468-4672,"United States","7929 Effertz Fort","West Brielleview",Vermont,30325,"United States","(212) 954-9726 x3529","227-972-0182 x1440","928.859.2162 x9507","423.618.4237 x3718","708-551-3506 x7637",elinore@example.org,"College Fair - Int","1989-10-19 15:12:53.000000",false,false,true,elinore@example.org,Female,Elinore@asu.gmail,true,,3.31429947782756,3.82141290823593,,,Role,Married,Asian,true,Economics,3.10436147075203,Email,0612694353,1203801424,false,Elinore.Gislason@asuFake.edu,
53,,Ayana,Marks,Ms.,No,"25606 Christiansen Wall","Lake Kris",Wisconsin,24119-6423,"United States","312 Chanel Radial",Collierberg,Alaska,88080,"United States",931-810-4286,858-515-3140,"(509) 912-8530","712-734-5292 x5058","(540) 715-8933 x8898",ayana@example.com,Advertisement,"1989-09-16 08:18:40.000000",false,false,false,ayana@example.com,Female,Ayana@asu.gmail,false,,3.65291150246377,1.83973607782395,,,Temp,Single,Asian,false,Biology,3.94382468674054,"Home Phone",3817859834,1209949469,false,Ayana.Marks@asuFake.edu,
54,,Makenna,Rogahn,Dr.,No,"726 Jenkins Land","East Izaiahfort",Illinois,37259,"United States","59637 Schuster Expressway","South Dedric",Delaware,11502,"United States","(907) 907-9855 x1345",931-308-8782,"878-401-3034 x2454",231-618-0550,812-615-9974,makenna@example.net,"Purchased List","1995-05-25 03:10:40.000000",true,false,true,makenna@example.net,Female,Makenna@asu.gmail,true,,2.68501429916135,1.53666435827018,,,Temp,Single,"Am. Indian Alaska Native",true,Biology,3.96193701139329,"Home Phone",4213133319,1204805748,false,Makenna.Rogahn@asuFake.edu,
55,,Angelo,Rau,Prof,No,"928 Jarvis Ports","Port Kristian",Montana,58985,"United States","3327 Bradtke Centers",Braunshire,Delaware,42491,"United States",563-228-4869,"(646) 975-8827 x0608",973-919-8992,"848-513-5271 x3998","(848) 918-9376 x1146",angelo@example.org,"Purchased List","1996-01-11 08:46:23.000000",false,false,false,angelo@example.org,Male,Angelo@asu.gmail,true,,2.09888270504311,1.88247745780657,,,Valid,Single,"Pacific Islander",false,Psychology,,"Local Phone",0730981403,1209094164,false,Angelo.Rau@asuFake.edu,
56,,Corrine,Witting,Mrs.,No,"98808 Waino Junction","East Timothy",Iowa,65858-7571,"United States","7714 Norbert Walks","South Margarettview",Mississippi,78663-9861,"United States","(859) 276-0969 x8474",551-979-4404,"607-475-8977 x0001","(763) 260-7139",980.563.2459,corrine@example.com,"Purchased List","1993-04-03 07:57:57.000000",true,true,false,corrine@example.com,Female,Corrine@asu.gmail,true,,3.82799245896209,1.96364083750389,,,Role,Married,"Pacific Islander",false,"Computer Science",,Email,6716058126,1208877794,false,Corrine.Witting@asuFake.edu,
57,,Brant,Rodriguez,Ms.,No,"6746 Troy Dam",Loufort,"Rhode Island",53022,"United States","252 Clifton Valleys",Wymanville,"New Hampshire",15194,"United States","513-904-7246 x0456",662.407.1197,"859-213-0653 x3908","574-662-7575 x5794",707-571-1262,brant@example.net,"Web Form","1995-05-26 08:06:27.000000",true,false,false,brant@example.net,Female,Brant@asu.gmail,false,,2.98183742192032,2.54737205717114,,,Valid,Single,Hispanic,false,Economics,,"Local Phone",3663910706,1200751314,false,Brant.Rodriguez@asuFake.edu,
58,,Rene,Corkery,Dr.,No,"6748 Fabian Extension","West Danatown",Kansas,73710,"United States","11600 Balistreri Circles","Port Jeromyberg",Tennessee,88861-0056,"United States",276-801-1911,229-612-8158,"251-812-4959 x8660",351-760-6987,"512.224.9331 x2106",rene@example.org,"Web Form","1995-05-16 15:50:38.000000",false,true,true,rene@example.org,Male,Rene@asu.gmail,true,,1.95801270232967,3.40704280065925,,,Temp,Unknown,"Black African-American",true,Economics,,"Mobile Phone",1198326243,1200741869,false,Rene.Corkery@asuFake.edu,
59,,Barton,Sanford,Mr.,No,"581 Winifred Green","Port Vanbury",Montana,18160,"United States","226 Maegan Fords",Ziemestad,"South Carolina",37801,"United States",816.936.6692,925.225.9274,"650-714-4445 x0430",641-229-6228,870.606.8939,barton@example.net,Email,"1990-11-03 18:49:50.000000",true,false,false,barton@example.net,Male,Barton@asu.gmail,true,,2.22264702578145,3.7596725190142,"Armed Forces Reserve",Army,Role,Married,"Black African-American",true,"Political Science",,"Local Phone",3104229313,1208600148,false,Barton.Sanford@asuFake.edu,
60,,Clementine,Muller,Dr.,No,"8142 Alaina Oval","New Lorenzo",Vermont,55365-0517,"United States","8484 Bartoletti Corner","East Carmine",Alabama,33712-0892,"United States",985-224-5570,"254.314.0215 x0427","270.215.2062 x3736","(309) 253-7839","210-564-6578 x8473",clementine@example.com,Walk-in,"1996-05-06 05:08:58.000000",false,true,false,clementine@example.com,Female,Clementine@asu.gmail,true,,2.73248914205541,1.95178280809991,,,Temp,Divorced,"Pacific Islander",true,"Political Science",3.83147439195843,"Home Phone",7059185174,1203541142,false,Clementine.Muller@asuFake.edu,
61,,Jaylen,Deckow,Ms.,No,"247 Emmerich Knoll","New Hettiehaven",Texas,77035,"United States","168 Leffler Mission","South Dejonborough","New Mexico",18896,"United States","651-936-1400 x1020","(337) 540-2919","949-913-8124 x5569",410-812-3490,"336-301-2302 x0501",jaylen@example.net,Advertisement,"1991-10-11 22:12:28.000000",false,true,true,jaylen@example.net,Female,Jaylen@asu.gmail,false,,3.39748970619212,1.63569951893136,,,Valid,Single,White,false,"Political Science",,"Home Phone",2359013592,1203391777,false,Jaylen.Deckow@asuFake.edu,
62,,Jimmie,Torphy,Mr.,No,"9095 Witting Key",Anyaside,"North Carolina",13435-4698,"United States","52436 Rocio Unions",Isomshire,Hawaii,46434-3728,"United States",858.781.6823,"(937) 434-0196 x3728","970-412-0916 x1201",914-773-9433,737-443-9533,jimmie@example.com,PeopleSoft,"1993-07-22 05:03:27.000000",true,true,false,jimmie@example.com,Male,Jimmie@asu.gmail,false,,1.10898644104796,3.83717151111352,,,Valid,Married,Hispanic,true,Psychology,3.70473638625163,"Local Phone",4529376266,1207333398,false,Jimmie.Torphy@asuFake.edu,
63,,Birdie,Collier,Mrs.,No,"2445 Bailey Cape","Port Veronachester",Hawaii,29370,"United States","3879 Williamson Lock",Orlandoburgh,Missouri,12098-0745,"United States",848-513-2298,351-567-9434,984-337-6627,"(352) 312-6755 x1983","(423) 858-9042",birdie@example.com,Advertisement,"1993-07-24 04:19:18.000000",true,true,true,birdie@example.com,Female,Birdie@asu.gmail,true,,1.5499532082726,2.19800096117016,,,Valid,Married,"Pacific Islander",true,"Mechanical Engineering",3.81600158011439,Email,9566486965,1203427099,false,Birdie.Collier@asuFake.edu,
64,,Delia,Walter,Ms.,No,"904 Turner Forges",Mertzmouth,Oregon,63411-3124,"United States","8306 Filomena Ways",Kurtischester,Arizona,22250-2916,"United States","651-608-2038 x2568","(620) 802-8785 x6667","947.619.4835 x7591","(564) 504-8822","818-801-0237 x0885",delia@example.net,"ASU UG","1990-01-10 17:00:24.000000",false,false,true,delia@example.net,Female,Delia@asu.gmail,false,,3.1673963439239,1.83783050507059,,,Role,Single,Hispanic,true,Business,3.0857925107853,"Mobile Phone",0248603143,1200130816,false,Delia.Walter@asuFake.edu,
65,,Berniece,Hayes,Prof,No,"4902 Hobart Hills",Madgemouth,"Rhode Island",27197-6843,"United States","82246 Fritsch Drives","North Brannonfort",Nevada,18904-3141,"United States","307-215-0891 x8863","360-731-1459 x9935","(847) 410-4144 x2777","630-904-2887 x8592",319.339.0371,berniece@example.net,Walk-in,"1994-11-13 19:08:47.000000",false,true,true,berniece@example.net,Unknown,Berniece@asu.gmail,true,,1.67373173950207,3.59161304018335,,,Role,Divorced,Asian,false,Mathematics,,"Local Phone",2745204759,1202920398,false,Berniece.Hayes@asuFake.edu,
66,,Jayda,Bartell,Ms.,No,"293 Ondricka Spurs","Lake Lukasberg",Idaho,44398,"United States","805 Alf Row",Satterfieldfurt,"New Jersey",21834-7946,"United States","229-814-3751 x2990","(760) 917-2086 x1413","724-941-6544 x6204","(216) 718-5914 x9480",617-763-9076,jayda@example.net,"Test Scores","1991-06-22 21:12:02.000000",true,false,false,jayda@example.net,Female,Jayda@asu.gmail,true,,2.63276607307209,3.83562409625943,,,Temp,Single,"Am. Indian Alaska Native",true,Business,,"Mobile Phone",4971619104,1209087715,false,Jayda.Bartell@asuFake.edu,
67,,Ryleigh,Pacocha,Dr.,No,"47243 Jayda Station","North Lucious","West Virginia",74562,"United States","493 Lawrence Cape",Greenfelderhaven,Iowa,65939,"United States",667-308-9073,708-315-8044,"(848) 313-6750","301.567.3942 x3772","479.912.4751 x0674",ryleigh@example.net,"Employee Referral","1992-02-24 10:57:21.000000",true,false,true,ryleigh@example.net,Male,Ryleigh@asu.gmail,true,,2.61618627824859,2.85796951536704,,,Valid,Single,White,true,Mathematics,,"Local Phone",9629294887,1203572267,false,Ryleigh.Pacocha@asuFake.edu,
68,,Amari,McCullough,Mrs.,No,"871 Ferry Row",Cassinton,Nebraska,51196-0110,"United States","2376 Muriel Knoll","West Herminiastad",Colorado,76445,"United States",956-320-5837,952-959-8679,"209.828.4288 x0785","316.813.1657 x0158","910.323.9797 x0235",amari@example.net,"Phone Call","1995-10-31 16:51:05.000000",false,true,true,amari@example.net,Female,Amari@asu.gmail,false,,3.94222287270378,3.10949136659624,,,Role,Married,Hispanic,false,Business,,"Mobile Phone",4206877296,1200530199,false,Amari.McCullough@asuFake.edu,
69,,Camryn,Kub,Prof,No,"544 Lelah Plaza",Kihnshire,Massachusetts,46182-2974,"United States","76157 Pfannerstill Dam",Schummshire,Vermont,56430-2924,"United States","910.702.8500 x0305","215-484-1196 x8326","(936) 602-4757","848-425-8267 x8883","845.916.0885 x0173",camryn@example.org,Walk-in,"1992-09-20 10:27:19.000000",true,true,true,camryn@example.org,Male,Camryn@asu.gmail,false,,2.53191026205018,3.37219575926317,,,Temp,Single,"Pacific Islander",true,Mathematics,3.69029945633344,"Home Phone",8444668467,1207033804,false,Camryn.Kub@asuFake.edu,
70,,Filomena,Stark,Prof,No,"48604 Kristopher Squares",Connville,Tennessee,48456-7787,"United States","648 Littel Street",Rowetown,Georgia,87423,"United States","804.410.6181 x3821","478-407-6626 x7115","952.915.9972 x4823","757-872-8819 x8887","702-863-2911 x2546",filomena@example.net,"Phone Call","1995-10-29 22:26:28.000000",false,true,true,filomena@example.net,Unknown,Filomena@asu.gmail,true,,3.12923221087872,1.18900469839125,,,Valid,Married,Asian,false,"Political Science",3.79676426739442,"Home Phone",1293755350,1207372554,false,Filomena.Stark@asuFake.edu,
71,,Camila,Bode,Dr.,No,"599 Elody Brooks",Christianachester,Illinois,61918-7852,"United States","441 Fahey Island","Port Clotilde","New Hampshire",60533,"United States","(417) 802-0742 x6788","737-845-3334 x5995","919.423.8232 x3045","316-972-5751 x1802","417-571-8746 x1450",camila@example.org,"College Fair - Int","1996-04-14 12:38:20.000000",false,false,false,camila@example.org,Female,Camila@asu.gmail,false,,2.39997032178261,1.30672733500534,,,Role,Unknown,Hispanic,true,Business,,"Home Phone",6409563647,1209828118,false,Camila.Bode@asuFake.edu,
72,,Delphia,Sawayn,Mrs.,No,"7636 Gulgowski Prairie","Port Katelyn",Florida,22333-9150,"United States","6495 Syble Circle","West Lucinda",Idaho,17826,"United States","(307) 835-4149","218.828.5393 x4626",571-802-0734,"208-682-4957 x0949","970.646.4567 x4867",delphia@example.net,"Web Form","1991-06-21 22:28:34.000000",false,true,false,delphia@example.net,Female,Delphia@asu.gmail,false,,3.31317095147485,3.64701080439041,,,Role,Married,"Black African-American",false,"Computer Science",,"Mobile Phone",1828693740,1203676983,false,Delphia.Sawayn@asuFake.edu,
73,,Kaya,Waters,Mr.,No,"25654 Ashlee Shoal","South Peyton",Colorado,93878,"United States","13435 Liliana Park","East Tiara",Arkansas,22274-4825,"United States","(510) 805-1341","(224) 304-0896 x8140","606-209-0540 x6720","503-707-2383 x6532","(618) 641-0991 x8907",kaya@example.com,Advertisement,"1991-01-06 19:34:10.000000",true,true,false,kaya@example.com,Male,Kaya@asu.gmail,true,,1.58085305561658,2.95275846855247,"National Guard","Coast Guard",Temp,Married,"Pacific Islander",true,Business,,"Home Phone",3088616073,1209860636,false,Kaya.Waters@asuFake.edu,
74,,Thea,McClure,Mrs.,No,"119 Ryder Common","South Tristianshire",Texas,31806-0201,"United States","5238 Muller Point","East Vernieshire","South Dakota",77416-9725,"United States","(623) 731-6140 x9563","603.502.5200 x4741",201.719.4984,559-573-6366,"(330) 862-6052",thea@example.org,"Phone Call","1994-11-18 07:09:49.000000",false,false,true,thea@example.org,Female,Thea@asu.gmail,true,,1.10900695620098,3.38592972311027,,,Temp,Married,"Black African-American",false,Economics,,Email,3220085635,1202385600,false,Thea.McClure@asuFake.edu,
75,,Silas,Fisher,Mrs.,No,"2491 Drew Harbors",Benedictberg,Illinois,94343-8803,"United States","3345 Amos Prairie",Derrickburgh,"South Dakota",48962,"United States","512-786-5075 x6099","914.732.3373 x4945","(816) 813-4082 x3688","814.865.8586 x7551",563-209-3389,silas@example.com,"Partial App","1993-04-20 10:26:48.000000",true,true,false,silas@example.com,Female,Silas@asu.gmail,false,,1.32237138385618,1.83547353500871,,,Role,Married,"Am. Indian Alaska Native",false,"Political Science",3.38140060728992,"Local Phone",2311400282,1207329447,false,Silas.Fisher@asuFake.edu,
76,,Mona,"O'Keefe",Prof,No,"9409 Emma Parkway",Boscomouth,Texas,78006,"United States","35201 Camilla Hills",Enriquefort,Minnesota,73997-4856,"United States",605.313.5868,423.307.3199,"253-517-9928 x8341","(330) 909-9870 x7161",559.850.5187,mona@example.net,Advertisement,"1990-08-28 21:25:29.000000",false,false,false,mona@example.net,Unknown,Mona@asu.gmail,true,,1.1961093002041,3.96653535027129,,,Valid,Married,"Pacific Islander",false,Biology,,Email,2311420433,1201831542,false,"Mona.O'Keefe@asuFake.edu",
77,,Dianna,Goldner,Dr.,No,"9103 Berge Cliffs",Quincyburgh,Pennsylvania,31131,"United States","5585 Nathanial Drive","Port Donald",Colorado,10343-4006,"United States",641-229-1204,"630.573.5923 x1552",585.605.5752,"724.970.8414 x0438","832-718-0217 x9582",dianna@example.com,"Web Form","1995-02-06 04:11:06.000000",true,false,true,dianna@example.com,Female,Dianna@asu.gmail,false,,2.30513274118593,2.94471714563304,,,Temp,Single,White,true,Business,3.58309317379231,"Mobile Phone",3586498765,1208159637,false,Dianna.Goldner@asuFake.edu,
78,,Constantin,Lindgren,Dr.,No,"48852 Gonzalo Alley",Elainaview,Nebraska,44382,"United States","2407 Bashirian Camp",Glennatown,"New Jersey",23506,"United States","(228) 808-5606 x2431","404.832.4381 x5352",971-813-7617,817-857-3078,602-260-2059,constantin@example.org,PeopleSoft,"1994-08-30 22:59:17.000000",true,false,false,constantin@example.org,Female,Constantin@asu.gmail,true,,1.51989698054067,3.09549151539214,,,Role,Unknown,Hispanic,false,Psychology,,"Mobile Phone",7478406757,1205217058,false,Constantin.Lindgren@asuFake.edu,
79,,Connor,Sanford,Ms.,No,"52253 Alexys Orchard",Runolfssonton,Tennessee,86841-9417,"United States","537 Botsford Ramp","West Charity",Kansas,91768,"United States","(916) 616-9141 x3538",878-217-1147,479-318-6062,"201.928.2732 x3792","561-727-5643 x6694",connor@example.com,"College Fair - US","1994-02-15 20:23:50.000000",true,true,false,connor@example.com,Female,Connor@asu.gmail,true,,2.58366733887678,2.75955134213382,,,Valid,Single,Asian,true,Economics,3.16683001332537,"Mobile Phone",9258424116,1207527080,false,Connor.Sanford@asuFake.edu,
80,,Ryley,Jacobi,Mr.,No,"65997 Howe Radial","West Luther",Arkansas,73322,"United States","23126 Hilll Way","East Jovaniburgh",Pennsylvania,47609-1352,"United States",469-919-2376,"(719) 904-5156 x8823","602-267-1704 x1648","701-617-6390 x9177","339.203.9975 x9731",ryley@example.com,"Phone Call","1989-07-20 22:49:31.000000",false,false,false,ryley@example.com,Male,Ryley@asu.gmail,false,,1.85631199109281,1.51575081838176,,,Valid,Unknown,"Am. Indian Alaska Native",false,"Computer Science",,Email,7031689487,1202531557,false,Ryley.Jacobi@asuFake.edu,
81,,Agustina,McGlynn,Dr.,No,"239 Evalyn Loaf",Cruickshankland,Vermont,36101-2225,"United States","85616 Maia Place",Kihnberg,Tennessee,64786-8421,"United States","475-609-3455 x9427",505-660-6284,"785-208-4621 x9697","317-773-8226 x1236","858-212-4283 x7775",agustina@example.net,Email,"1995-09-03 07:46:18.000000",false,false,true,agustina@example.net,Female,Agustina@asu.gmail,false,,2.6882343611181,2.10689798232945,,,Role,Single,"Am. Indian Alaska Native",true,Mathematics,3.34321271491394,"Local Phone",7402771834,1203021640,false,Agustina.McGlynn@asuFake.edu,
82,,Lilyan,Leannon,Ms.,No,"16271 Abernathy Burgs","New Ceciliaburgh",Virginia,25202,"United States","17008 Keeling Pike","North Gisselleport",Texas,89535-1584,"United States","908-608-4612 x0313",630.603.9954,"857.443.5583 x4172","(573) 847-7769",573.714.8028,lilyan@example.com,"Test Scores","1990-06-09 02:11:07.000000",false,true,true,lilyan@example.com,Female,Lilyan@asu.gmail,false,,2.62621990993856,1.71750233889304,,,Temp,Single,"Am. Indian Alaska Native",false,Biology,,Email,2480771392,1208781207,false,Lilyan.Leannon@asuFake.edu,
83,,Cullen,Fadel,Mrs.,No,"9386 Hills Landing",Trevortown,Colorado,39284-3060,"United States","596 Winston Glens",Nedraview,Colorado,37965-0676,"United States","409.228.9344 x3748","225-862-2924 x4654","774.213.9267 x1286",989.915.0827,"(508) 810-3111 x8147",cullen@example.com,Email,"1995-06-18 11:36:51.000000",true,false,false,cullen@example.com,Female,Cullen@asu.gmail,true,,2.20824094828859,1.73013956570642,,,Valid,Married,Hispanic,true,Mathematics,,Email,1157179989,1201534413,false,Cullen.Fadel@asuFake.edu,
84,,Mathew,Vandervort,Ms.,No,"8635 King Flats","New Claud","New Jersey",26607,"United States","162 Bogisich Port","Lake Jaysonstad",Nebraska,42996-6381,"United States","224-718-0591 x9391",667-716-3885,"732-802-6338 x1003","320-609-5448 x4041","(402) 857-2931 x2089",mathew@example.org,Event,"1990-05-02 20:23:19.000000",true,false,true,mathew@example.org,Female,Mathew@asu.gmail,false,,2.60981105804518,2.20387481434546,,,Role,Single,"Am. Indian Alaska Native",false,Mathematics,3.07895107766666,"Home Phone",9184903366,1205716120,false,Mathew.Vandervort@asuFake.edu,
85,,Clay,Hintz,Mr.,No,"54473 Jamey Stravenue","South Lelandfurt",Oregon,32423,"United States","317 Concepcion Fields",Chrisbury,Texas,86592,"United States",224-978-9108,574-410-4284,"(316) 959-6775","(716) 408-1874 x2437","408-870-4823 x8430",clay@example.com,"Test Scores","1992-05-23 16:15:22.000000",true,true,true,clay@example.com,Male,Clay@asu.gmail,true,,1.71706692416875,2.4049557271542,,,Valid,Divorced,"Pacific Islander",false,"Computer Science",,"Local Phone",9694009658,1205683059,false,Clay.Hintz@asuFake.edu,
86,,Molly,Kilback,Mr.,No,"3737 Janiya Gateway",Kesslerbury,"West Virginia",15564,"United States","82564 Issac Street","New Friedrichborough","North Carolina",46114-5455,"United States","(785) 817-1094 x0314","(706) 650-7540","(601) 928-1907","(870) 904-1823 x2496","504-475-2041 x8347",molly@example.com,"College Fair - US","1994-11-26 07:25:16.000000",true,false,true,molly@example.com,Male,Molly@asu.gmail,true,,1.74483804701116,3.79153532901117,,,Valid,Married,White,true,Biology,,"Local Phone",2466825867,1205461289,false,Molly.Kilback@asuFake.edu,
87,,Dianna,Ward,Dr.,No,"22381 Rice Falls","Lake Vedaville",Vermont,44159-1283,"United States","4198 Margarita Dale",Eduardoview,Iowa,82450,"United States","919.831.8402 x4574",386-920-5909,702-307-2685,"775-615-4088 x8413",319.212.0828,dianna@example.com,"Partial App","1991-02-19 04:32:35.000000",true,true,true,dianna@example.com,Male,Dianna@asu.gmail,true,,3.26268878664538,2.66554366336639,,,Valid,Married,Asian,false,Biology,3.88500305298499,"Mobile Phone",8744525455,1202206762,false,Dianna.Ward@asuFake.edu,
88,,Josiah,Conroy,Mr.,No,"1133 Dominic Via",Framiberg,Iowa,37399-5021,"United States","3563 Feest Spurs",Lakintown,Idaho,54095,"United States","956-530-5812 x4571","224.478.6381 x9538","334-301-9514 x5948",772-716-5178,"307.818.6805 x6632",josiah@example.net,PeopleSoft,"1995-04-03 20:22:20.000000",false,false,true,josiah@example.net,Male,Josiah@asu.gmail,false,,2.74687586761592,3.57145552309216,,,Temp,Unknown,Hispanic,true,Business,,Email,8507840317,1205783662,false,Josiah.Conroy@asuFake.edu,
89,,Daisha,Denesik,Mr.,No,"5215 Boyd Isle",Odellberg,Iowa,28232-8343,"United States","3476 Garfield Overpass","New Mabelle",Utah,21675-5505,"United States",810-464-3187,"484-507-6080 x8206","240-641-8418 x2682","(445) 404-0443","878.631.6956 x0812",daisha@example.org,"ASU UG","1990-01-24 01:30:56.000000",false,true,false,daisha@example.org,Male,Daisha@asu.gmail,false,,1.74219402710028,3.3130835668418,"Active Duty",Army,Valid,Married,"Pacific Islander",true,"Political Science",3.86927205434022,Email,5409087786,1208633618,false,Daisha.Denesik@asuFake.edu,
90,,Rosario,Leuschke,Mrs.,No,"52836 Gorczany Corners","South Domenickchester",Nevada,34656,"United States","34129 Kutch Keys","East Orval",Missouri,44228-1244,"United States","510-530-2794 x1364","925-731-5900 x2064","740-313-1137 x1067",931.254.0530,"585.563.5339 x8224",rosario@example.com,Email,"1993-05-30 01:34:55.000000",true,true,false,rosario@example.com,Female,Rosario@asu.gmail,false,,2.69351054069586,3.72476875936143,,,Temp,Married,Hispanic,true,Psychology,,"Local Phone",7639412366,1205071104,false,Rosario.Leuschke@asuFake.edu,
91,,Arnaldo,Crona,Prof,No,"7360 Littel Courts",Erdmanport,Utah,36417-0617,"United States","981 Chelsea Club",Randalton,Idaho,36116,"United States","562-304-6528 x0851","(224) 563-1686 x9562","(760) 863-2903 x8126",651-336-9551,660-612-3692,arnaldo@example.org,"Purchased List","1995-02-02 04:27:48.000000",false,false,true,arnaldo@example.org,Unknown,Arnaldo@asu.gmail,true,,2.36683448713817,2.15497283834565,,,Valid,Unknown,"Black African-American",true,"Political Science",,"Local Phone",7145945856,1201630223,false,Arnaldo.Crona@asuFake.edu,
92,,Paul,Connelly,Mr.,No,"13348 Brandt Ways",Jaronport,Virginia,15719,"United States","32128 Cruickshank Parkways",Treutelburgh,Maine,73827-2203,"United States","712.740.4478 x2317","(724) 608-7599 x8742","305.954.3463 x8120","316.931.5378 x1926","407-516-4871 x3861",paul@example.com,"College Fair - Int","1990-07-31 10:29:57.000000",false,true,false,paul@example.com,Male,Paul@asu.gmail,true,,2.3813500895224,2.75963033349508,"National Guard",Navy,Role,Married,"Black African-American",false,"Mechanical Engineering",3.62258140454789,"Local Phone",0073362614,1208895538,false,Paul.Connelly@asuFake.edu,
93,,Davin,Cronin,Ms.,No,"958 Constance Burg",Lisatown,Michigan,36346-8546,"United States","34162 Hartmann Junction","East Caroline",Kansas,33935,"United States",985.975.1661,"757.612.9790 x1570","(509) 978-6145 x5547","(334) 434-6152","(312) 724-6147 x2135",davin@example.org,"Phone Call","1991-07-30 10:49:30.000000",true,false,false,davin@example.org,Female,Davin@asu.gmail,true,,3.53633377997193,2.29816593241129,,,Role,Single,"Black African-American",false,Business,3.37998841063415,"Mobile Phone",6204952804,1203175762,false,Davin.Cronin@asuFake.edu,
94,,Rick,Dickens,Mr.,No,"8468 Webster Branch",Roelchester,Missouri,33803-3459,"United States","4068 Gerry Via","Lake Jaredfurt",Alabama,42196,"United States","320-425-1051 x4120","947.203.4630 x3918",903-252-4897,"234.414.9723 x5801",847.732.9964,rick@example.net,Event,"1989-09-05 15:18:25.000000",true,true,true,rick@example.net,Male,Rick@asu.gmail,false,,1.74732832568739,2.1789502159936,,,Temp,Divorced,"Black African-American",false,"Mechanical Engineering",,"Home Phone",7484665033,1209123235,false,Rick.Dickens@asuFake.edu,
95,,Autumn,Frami,Prof,No,"57912 Roy Spring",Christopmouth,Maryland,53673,"United States","41260 Lonny Isle","North Savanah",Arkansas,65779,"United States","904-316-4504 x6131",847-720-2972,"(402) 470-7039 x5762",989.732.1961,"812-925-4680 x0653",autumn@example.net,"Partial App","1989-07-09 12:00:15.000000",true,true,false,autumn@example.net,Unknown,Autumn@asu.gmail,true,,1.2628103748511,2.72814030435255,,,Valid,Single,"Black African-American",true,Business,3.01630951463124,Email,9834518945,1209298609,false,Autumn.Frami@asuFake.edu,
96,,Abdullah,Wilderman,Dr.,No,"89559 Kemmer Path",Siennaport,"South Dakota",65641,"United States","90357 Howe Ridges","East Ubaldo",Minnesota,33811-7673,"United States","(940) 260-3772 x2240",715-253-9792,"812.240.5792 x8155","979.386.9661 x3335",419.213.1175,abdullah@example.com,"Phone Call","1991-07-07 18:05:29.000000",true,false,false,abdullah@example.com,Unknown,Abdullah@asu.gmail,true,,3.06190123084983,2.76989613948519,Veteran,Army,Role,Divorced,"Black African-American",true,"Computer Science",,"Mobile Phone",0215947024,1207360780,false,Abdullah.Wilderman@asuFake.edu,
97,,Schuyler,McLaughlin,Prof,No,"284 Wehner Knolls","East Jacques",Texas,63177,"United States","134 Orval Ford","Lake Anika",Michigan,51217-6738,"United States",623-901-2713,301-469-6206,"(580) 323-7511 x5917","704.417.6660 x4112",770.651.4091,schuyler@example.com,"Partial App","1991-02-21 17:48:08.000000",false,true,true,schuyler@example.com,Female,Schuyler@asu.gmail,false,,2.93817995215142,1.26512548813742,,,Role,Married,"Am. Indian Alaska Native",true,"Mechanical Engineering",,"Mobile Phone",2145255284,1209815548,false,Schuyler.McLaughlin@asuFake.edu,
98,,Alverta,Franecki,Prof,No,"941 Ismael Wells","West Keltonstad",Idaho,76374-7803,"United States","80436 Casimir Forge",Davisbury,Maryland,21231,"United States","(515) 918-9150 x4040","(774) 205-1306 x5836","(903) 571-6966",661-214-7108,715-817-9051,alverta@example.com,Walk-in,"1995-03-16 11:15:43.000000",true,false,false,alverta@example.com,Male,Alverta@asu.gmail,true,,2.18786789324337,3.46809165322214,,,Role,Married,White,false,"Political Science",3.80236386588161,"Home Phone",6052712528,1201949835,false,Alverta.Franecki@asuFake.edu,
99,,Lue,Quigley,Mrs.,No,"43661 Medhurst Throughway","South Ellachester",Missouri,53979-1662,"United States","79212 Nikita Crest","Port Giuseppeborough","North Carolina",54794-5571,"United States","315.872.1682 x1393","848-585-1036 x6489","941.234.6599 x6993","803-252-8323 x0344","443-308-6308 x4099",lue@example.com,Email,"1989-11-05 12:17:19.000000",false,false,true,lue@example.com,Female,Lue@asu.gmail,true,,3.35983846588051,1.57310036465757,,,Role,Married,"Am. Indian Alaska Native",false,"Political Science",,Email,7480402132,1200562955,false,Lue.Quigley@asuFake.edu,
100,,Grady,Yost,Prof,No,"805 Rosemarie Drive",Nikolausberg,California,43880-1102,"United States","3690 Laisha Walk",Kathryneside,Vermont,47427-4385,"United States","(337) 947-4752 x0880","(615) 850-0942 x4881",814-904-8997,"909.719.6646 x2757",323-835-3844,grady@example.com,"College Fair - US","1992-05-27 20:09:34.000000",true,false,true,grady@example.com,Female,Grady@asu.gmail,true,,3.07368578937057,2.16580032574397,,,Role,Single,White,true,Economics,,"Home Phone",7496346939,1201403727,false,Grady.Yost@asuFake.edu,
