id,sfdc_id,LastName,FirstName,Salutation,Title,Company,Street,City,State,PostalCode,Country,Phone,MobilePhone,Fax,Email,Website,Description,LeadSource,Status,Rating,HasOptedOutOfEmail,IsConverted,IsUnreadByOwner,DoNotCall,HasOptedOutOfFax,Gender,Date_of_Birth__c,Recruiting_Email__c,Degree_Type__c,Academic_Plan_list__c,Research_Experience__c,Contact_Preference__c,ASU_Student__c,Course_Load__c,Secondary_Email__c,Undergraduate_GPA__c,Ethnicity__c,CRMfusionDBR101__ProductInterest__c,Jr_Sr_GPA__c,Veteran_Status__c,Enrollment_Term__c,Test_Record__c,College__c,Online__c,Lead_Source_Subtype__c,Email_Status__c
1,,Reynolds,Junior,Dr.,,"Gottlieb, Jacobi and Schinner","253 Miguel Extension","North Isaias","New York",29421-4472,"United States","217-636-8373 x0366","213-503-7887 x1833",573-620-3641,reynolds@example.org,,,"Partial App",Open,Cold,true,false,true,false,false,Unknown,"1993-08-10 13:53:56.000000",reynolds@example.org,Masters,,Unknown,"Home Phone",false,Undecided,junior@example.net,,Hispanic,"GC1000 series",,Reserves,"2015 Spring",false,GRLA,,NAU,Temp
2,,Luettgen,Elyse,Prof,,Hettinger-Bins,"4670 Maureen Way","Lake Madge",Arizona,42204,"United States","901-646-9974 x9620","975-203-3664 x9168",351.614.7487,luettgen@example.net,,,"Employee Referral",Inactive,Warm,false,false,false,true,false,Male,"1992-07-16 22:21:45.000000",luettgen@example.net,Doctoral,,Yes,Email,true,Part-time,elyse@example.org,2.17310267771061,"Pacific Islander","GC1000 series",3.24165138161835,"I am active duty","2017 Fall",false,GRES,,Idealist,Role
3,,Kohler,Russel,Ms.,,"Spencer and Sons","732 Kiera Square",Breanaburgh,Alabama,85901-3361,"United States","213-914-6349 x4151","801-464-6391 x1018",919.979.6461,kohler@example.com,,,"Partial App",Open,Cold,true,false,false,true,false,Female,"1993-02-26 08:23:50.000000",kohler@example.com,Non-Degree,,No,"Local Phone",false,Part-time,russel@example.org,3.4347287876301,"Am. Indian Alaska Native","GC5000 series",1.85794141128164,"National Guard","2015 Fall",true,GRLA,,"GRE Subject",Valid
4,,"O'Conner",Loyce,Mr.,,Welch-Adams,"7031 Ethyl Well","Lake Tomas","South Carolina",13699-8790,"United States","574-440-2169 x8459","812.302.6579 x6759","816-484-4860 x4348",o.conner@example.org,,,"Phone Call",Prospect,Warm,false,false,false,false,true,Male,"1994-12-28 20:50:12.000000",o.conner@example.org,Doctoral,,Yes,"Local Phone",false,Part-time,loyce@example.com,,"Black African-American","GC5000 series",,Reserves,"2016 Fall",false,GRTE,,"EGSS Applying",Valid
5,,Mertz,Camylle,Mrs.,,"Haley LLC","9052 Westley Falls",Emmanuelleton,Virginia,67638-3682,"United States","906-940-2248 x1889",630.760.3361,"(240) 804-0709",mertz@example.net,,,"Phone Call",Open,Cold,true,false,true,false,false,Female,"1995-03-21 08:08:32.000000",mertz@example.net,Certificate,,No,"Mobile Phone",true,Part-time,camylle@example.com,1.96479385730532,White,"GC3000 series",2.54704855575643,"I am active duty","2014 Fall",false,GRPP,,"Graduate College",Temp
6,,Vandervort,Erwin,Ms.,,"Casper, Zieme and Kuhlman","9165 Rocio Key",Willmouth,Tennessee,79169-9120,"United States","(816) 210-3119 x8654","239-781-2068 x6527","(330) 757-8089",vandervort@example.com,,,"Partial App",Open,Cold,true,false,true,false,false,Female,"1991-06-03 21:18:32.000000",vandervort@example.com,Certificate,,Unknown,"Local Phone",false,"No response",erwin@example.net,2.1752119959037,"Am. Indian Alaska Native","GC3000 series",1.32188625745175,"I am active duty","2016 Fall",true,GRSU,,"Coll Technology & Innovation",Role
7,,Hackett,Ken,Prof,,Gerlach-Padberg,"3395 Abbott Squares",Thielberg,"South Dakota",26187-2261,"United States","(602) 509-0465 x2696","(530) 609-2200 x2339",402-309-0448,hackett@example.org,,,PeopleSoft,Inactive,Hot,true,false,true,true,false,Female,"1995-10-08 23:41:09.000000",hackett@example.org,Certificate,,No,"Home Phone",true,Part-time,ken@example.net,3.55159534857679,Asian,"GC5000 series",3.37366322305123,"I am a veteran","2014 Fall",true,LWLW,,Import,Role
8,,Gerhold,Cordelia,Ms.,,"Koch, Greenfelder and Pacocha","5084 Torrey Isle","Lake Mikaylahaven","South Carolina",61691,"United States",331.773.0296,"209-469-0683 x5257",940-445-6350,gerhold@example.org,,,"Purchased List",Inactive,Warm,false,false,false,false,true,Female,"1989-07-20 21:27:00.000000",gerhold@example.org,Certificate,,Unknown,"Local Phone",false,Full-time,cordelia@example.com,1.83275385604278,Asian,"GC1000 series",2.33743659652603,"National Guard","2015 Fall",true,GRSU,,"EGSS Applying",Valid
9,,Parker,Tyshawn,Ms.,,Hammes-Altenwerth,"1670 Elfrieda Street",Rudyburgh,Wyoming,26940,"United States","617.510.9422 x5984",816.952.9998,"(975) 971-1522 x4474",parker@example.org,,,Event,Prospect,Hot,true,false,true,false,false,Female,"1994-09-06 05:34:38.000000",parker@example.org,Masters,,Yes,"Home Phone",false,Full-time,tyshawn@example.org,1.80496522798079,White,"GC5000 series",1.81535488453578,"I am a spouse or dependent of an active duty or veteran","2017 Spring",false,GRGC,,GRE,Role
10,,Block,Arlo,Ms.,,"Muller and Sons","4479 Stark Roads",Gradymouth,Florida,22694,"United States",517.718.4755,"(828) 606-1236 x8414","732-619-9080 x7432",block@example.net,,,"Test Scores",Prospect,Hot,false,false,true,false,true,Female,"1990-01-28 12:31:13.000000",block@example.net,Masters,,No,"Mobile Phone",false,Undecided,arlo@example.org,1.02451718496377,Hispanic,"GC5000 series",2.59253894407303,"National Guard","2016 Fall",false,LWLW,,"New Interdis Arts & Sciences",Valid
11,,Spinka,Dena,Dr.,,"Dach, Jones and Walker","384 Jodie Crest",Cheyannestad,Connecticut,62052-6782,"United States","(480) 806-6562 x8586","970.318.5825 x5283","(706) 714-4893 x4084",spinka@example.org,,,Advertisement,Prospect,Warm,true,false,false,false,true,Female,"1991-10-03 14:18:39.000000",spinka@example.org,Masters,,No,"Local Phone",false,Undecided,dena@example.com,1.62144197427815,"Pacific Islander","GC1000 series",3.98899578784683,"National Guard","2015 Spring",true,GRGC,,"EGSS Financing",Valid
12,,Brakus,Ashleigh,Prof,,"Blick LLC","216 Dach Village",Jenniehaven,Utah,56890-0091,"United States",606.856.9716,607.557.9336,"502-248-9145 x6880",brakus@example.com,,,"Purchased List",Open,Cold,false,false,false,true,true,Female,"1990-02-21 21:38:05.000000",brakus@example.com,Certificate,,No,Email,true,Undecided,ashleigh@example.com,3.87613092415316,White,"GC3000 series",1.56835813848085,Reserves,"2016 Spring",false,LWLW,,"W.P. Carey School Of Business",Temp
13,,McKenzie,Ronaldo,Prof,,"Harvey, Homenick and Emard","3909 Weber Keys",Hilpertport,Arkansas,59320-1647,"United States",202-210-8876,"(979) 502-8268 x6605","339-724-0553 x8336",mckenzie@example.org,,,"College Fair - Int",Inactive,Cold,true,false,false,false,false,Unknown,"1993-03-30 15:46:40.000000",mckenzie@example.org,Doctoral,,No,"Mobile Phone",true,"No response",ronaldo@example.net,,"Black African-American","GC5000 series",,"I am active duty","2015 Spring",false,GRGC,,"Info Session - Campus",Role
14,,Lang,Violet,Prof,,Bechtelar-Wintheiser,"644 Emmalee Keys","Port Eladio",Wyoming,64015-2667,"United States",202-615-0853,301-478-0057,"(262) 559-7583",lang@example.net,,,Event,Prospect,Warm,false,false,true,true,true,Unknown,"1991-09-17 07:13:42.000000",lang@example.net,Certificate,,Unknown,"Mobile Phone",false,Undecided,violet@example.com,,Asian,"GC5000 series",,"I am a veteran","2016 Spring",true,GRTE,,"Health Solutions",Valid
15,,Kshlerin,Randi,Mrs.,,Kreiger-Murphy,"240 O'Conner Villages","West Aidan",Arizona,10559,"United States",903.707.9319,831-215-0259,"931-907-1651 x9194",kshlerin@example.org,,,"Phone Call",Prospect,Warm,true,false,true,false,false,Female,"1990-07-16 06:34:01.000000",kshlerin@example.org,Doctoral,,Unknown,"Home Phone",false,Undecided,randi@example.com,1.11323188607753,Asian,"GC1000 series",2.64948394588966,"I am active duty","2017 Fall",true,GRBA,,"ASU Online",Valid
16,,Baumbach,Eladio,Mr.,,Kohler-Carroll,"7705 Garfield Cove",Cronafort,Massachusetts,54565-7169,"United States","(610) 925-8392 x6954",956-425-5243,"810-804-1448 x0504",baumbach@example.net,,,"Web Form",Prospect,Hot,false,false,true,true,false,Male,"1991-05-14 21:19:54.000000",baumbach@example.net,Non-Degree,,Yes,"Local Phone",true,Undecided,eladio@example.com,2.95877298029473,"Am. Indian Alaska Native","GC5000 series",2.05266919630431,"I am a spouse or dependent of an active duty or veteran","2016 Fall",true,GRLA,,"Health Solutions",Role
17,,Bradtke,Sigurd,Ms.,,"McDermott Inc","32282 Huel Groves","East Angelicaview",Idaho,94781,"United States",717.503.9985,"510-318-6011 x4064","662-660-9723 x9486",bradtke@example.org,,,"Web Form",Prospect,Cold,false,false,true,true,true,Female,"1990-04-13 19:11:50.000000",bradtke@example.org,Masters,,No,"Local Phone",true,Undecided,sigurd@example.com,1.07118087037746,"Pacific Islander","GC1000 series",1.24110826761609,"National Guard","2017 Fall",true,GRGC,,"Coll Technology & Innovation",Role
18,,Brakus,Elvera,Ms.,,"Keebler Group","83036 Hirthe Path",Hellerview,Virginia,37351,"United States","(360) 517-9908 x7294",516-567-8738,"407.918.4537 x9395",brakus@example.net,,,Event,Inactive,Cold,false,false,true,true,true,Female,"1989-08-18 04:59:41.000000",brakus@example.net,Doctoral,,Unknown,Email,true,Undecided,elvera@example.com,1.0378749249159,"Pacific Islander","GC3000 series",3.27351186443501,"I am active duty","2017 Spring",false,GRNH,,Import,Temp
19,,Bogisich,Michael,Dr.,,Batz-Brown,"3934 Josue Run",Taylorbury,Louisiana,20495-9009,"United States","(386) 464-9390","(248) 803-5561 x8391",808-813-0568,bogisich@example.org,,,"Phone Call",Inactive,Warm,true,false,false,true,true,Male,"1993-03-01 17:07:44.000000",bogisich@example.org,Masters,,Yes,"Mobile Phone",true,Undecided,michael@example.org,2.6214382258022,Asian,"GC3000 series",1.74388043637285,"National Guard","2017 Spring",true,GRTS,,"EGSS Applying",Temp
20,,Kessler,Mitchell,Ms.,,"Dietrich, D'Amore and Swift","69538 Angelita Shoal",Collinsshire,Tennessee,31975,"United States","361-850-8466 x6103",660-727-0467,"(716) 641-9986 x8968",kessler@example.org,,,PeopleSoft,Inactive,Hot,true,false,true,false,false,Female,"1995-06-14 03:01:24.000000",kessler@example.org,Non-Degree,,Yes,"Mobile Phone",true,Full-time,mitchell@example.com,2.79183482719979,"Pacific Islander","GC5000 series",1.81994995664463,"I am active duty","2015 Spring",false,GRES,,"New Interdis Arts & Sciences",Valid
21,,Zieme,Arely,Dr.,,"Douglas, Bergstrom and Mills","2597 Heidenreich Plain","New Janstad",Ohio,97658-4296,"United States",919-406-2351,"(478) 985-1832","940-227-0667 x9867",zieme@example.org,,,"College Fair - US",Prospect,Cold,true,false,false,true,false,Unknown,"1993-12-21 23:40:53.000000",zieme@example.org,Certificate,,Yes,"Mobile Phone",false,Part-time,arely@example.com,,Hispanic,"GC1000 series",,"I am a spouse or dependent of an active duty or veteran","2016 Spring",false,GRTE,,"O'College of Law",Valid
22,,Cartwright,Matilda,Prof,,"Marquardt, Klein and Leannon","5689 Freida Centers","Port Liamport",Maryland,77193-0743,"United States","(619) 239-2320 x4930","501.505.7852 x7834",801-650-0234,cartwright@example.com,,,Walk-in,Prospect,Warm,false,false,true,false,true,Male,"1992-07-04 10:10:36.000000",cartwright@example.com,Non-Degree,,Yes,"Local Phone",true,"No response",matilda@example.com,3.04290797521529,Hispanic,"GC1000 series",3.35430556561707,"I am a spouse or dependent of an active duty or veteran","2017 Fall",false,GRBA,,"Degree Search",Temp
23,,Murphy,Forest,Mrs.,,Johnston-Fisher,"629 Powlowski Landing",Bauchfort,Maryland,92310,"United States",661-803-5433,"423-502-7904 x0529",206-901-3903,murphy@example.net,,,Advertisement,Inactive,Cold,true,false,true,false,true,Female,"1990-11-21 06:45:45.000000",murphy@example.net,Doctoral,,Unknown,"Mobile Phone",false,Part-time,forest@example.org,3.77882427701481,White,"GC1000 series",3.32996444962474,"National Guard","2016 Spring",false,GRNU,,"EGSS Personal Statement",Valid
24,,Hammes,Tyler,Dr.,,Kemmer-Cartwright,"3707 Kuhn Park","East Demario",Connecticut,89554,"United States",445-248-8590,339-718-8810,"608-231-8880 x1004",hammes@example.net,,,"College Fair - US",Prospect,Warm,false,false,true,true,true,Male,"1993-05-09 20:46:16.000000",hammes@example.net,Masters,,Yes,"Local Phone",false,Part-time,tyler@example.com,3.50619043291646,"Am. Indian Alaska Native","GC5000 series",2.27832997599972,"I am a spouse or dependent of an active duty or veteran","2016 Spring",false,GRAS,,"Ira A Fulton Engineering",Temp
25,,Sanford,Dexter,Ms.,,"Feest, Ruecker and Halvorson","3300 VonRueden Heights","West Trevaton",Alaska,92820,"United States",830-610-3754,"646.805.4342 x3707","(419) 703-9380",sanford@example.net,,,"Web Form",Inactive,Cold,false,false,true,false,true,Female,"1990-04-25 23:35:07.000000",sanford@example.net,Certificate,,No,"Home Phone",true,"No response",dexter@example.org,3.62324699170101,Asian,"GC3000 series",3.90458099579519,"National Guard","2015 Spring",false,GRSU,,NNE,Role
26,,Hansen,Joshua,Dr.,,"Koepp, McKenzie and Heaney","66007 Corkery Circles",Halvorsonmouth,Indiana,97565,"United States","331-602-9926 x4166","(718) 872-4650","(920) 715-6030",hansen@example.com,,,"College Fair - US",Prospect,Cold,true,false,true,true,false,Unknown,"1991-12-17 08:36:46.000000",hansen@example.com,Masters,,Unknown,"Local Phone",true,"No response",joshua@example.net,2.78406062630926,Asian,"GC1000 series",1.33587979217882,"I am a spouse or dependent of an active duty or veteran","2016 Fall",false,GRES,,"MaryLouFulton Teachers College",Role
27,,Herzog,Santa,Ms.,,"Wiegand, O'Connell and Abshire","317 Nitzsche Ridges","New Retaside",Massachusetts,88247-4641,"United States",201-520-4513,"320-850-0886 x6043","(662) 541-7747",herzog@example.org,,,Walk-in,Prospect,Cold,true,false,true,true,false,Female,"1994-03-16 00:18:01.000000",herzog@example.org,Certificate,,Unknown,Email,true,"No response",santa@example.org,,"Am. Indian Alaska Native","GC5000 series",,"I am a veteran","2017 Fall",true,GRGC,,TOEFL,Role
28,,Von,Kathlyn,Ms.,,"Mueller Inc","709 Hoppe Course",Norriston,Montana,32012-8771,"United States","862-910-6768 x5978","(718) 973-7057 x8347","408-217-2479 x7479",von@example.org,,,Walk-in,Inactive,Warm,false,false,false,false,false,Female,"1989-11-30 20:32:25.000000",von@example.org,Masters,,Yes,Email,true,Full-time,kathlyn@example.net,1.60409512854092,Asian,"GC5000 series",3.1149967519379,Reserves,"2015 Fall",true,GRPP,,Import,Role
29,,Dicki,Myron,Mr.,,"Walker, Schinner and Hermann","440 Hilll Mission","South Holdenport",Hawaii,35448,"United States",323-502-3451,701.564.6002,"(718) 404-6955 x6184",dicki@example.org,,,Advertisement,Inactive,Warm,true,false,true,false,false,Male,"1991-04-06 12:25:09.000000",dicki@example.org,Non-Degree,,No,"Local Phone",false,Part-time,myron@example.org,2.7899186975304,Asian,"GC1000 series",2.48308723287042,"I am a veteran","2016 Spring",true,GRNU,,"School of Sustainability",Temp
30,,Parker,Davonte,Prof,,"Gerlach, Kiehn and Smith","4641 Zieme Cove",Kaiatown,"South Carolina",98196-8193,"United States",304-562-3708,"901-971-7765 x6908","248-947-8766 x3663",parker@example.com,,,Advertisement,Prospect,Hot,false,false,true,false,false,Female,"1995-03-27 20:05:12.000000",parker@example.com,Non-Degree,,Yes,"Mobile Phone",true,Undecided,davonte@example.org,,White,"GC3000 series",,"I am active duty","2015 Fall",false,GRNH,,"Degree Search",Temp
31,,Bergnaum,Oswaldo,Mrs.,,Schroeder-Boehm,"2404 Renner Crossroad",Reubenburgh,Alaska,90445-1643,"United States","317.978.0464 x2799",445-413-2540,"717-425-0837 x9236",bergnaum@example.net,,,"College Fair - Int",Inactive,Cold,true,false,false,true,false,Female,"1995-10-21 01:05:38.000000",bergnaum@example.net,Doctoral,,No,"Local Phone",true,Undecided,oswaldo@example.org,,"Pacific Islander","GC3000 series",,"I am active duty","2017 Fall",true,GRLA,,"Degree Search",Temp
32,,Smitham,Dewitt,Mrs.,,"Brown, Brekke and Rippin","8429 Dane Springs","New Evans","West Virginia",65718-0361,"United States","949.774.0595 x4830","(225) 617-6905","227-646-7699 x0211",smitham@example.net,,,Advertisement,Inactive,Cold,true,false,true,true,true,Female,"1995-05-09 12:31:58.000000",smitham@example.net,Masters,,No,"Local Phone",true,Part-time,dewitt@example.org,,Hispanic,"GC5000 series",,"I am active duty","2015 Spring",false,GRNH,,"Health Solutions",Role
33,,Walsh,Gretchen,Mr.,,Corwin-Abbott,"9046 Concepcion Path","New Margiemouth",Minnesota,30215-4566,"United States","314.916.8308 x2604",619-651-7408,"727-714-3735 x0128",walsh@example.org,,,"Employee Referral",Inactive,Warm,false,false,false,true,false,Male,"1990-01-31 21:32:22.000000",walsh@example.org,Non-Degree,,No,Email,false,Full-time,gretchen@example.org,3.47372777611968,Asian,"GC1000 series",2.80823103541263,Reserves,"2015 Spring",false,GRPP,,"EGSS Financing",Valid
34,,Wunsch,Karina,Mrs.,,"Hane and Sons","38177 Reichel Courts","Lake Ignacioland",Kansas,39097-4234,"United States","662-307-1917 x3110","586-714-7542 x0115","(975) 848-0564",wunsch@example.net,,,Event,Inactive,Cold,true,false,true,true,true,Female,"1992-06-29 15:53:36.000000",wunsch@example.net,Non-Degree,,Unknown,"Local Phone",true,Full-time,karina@example.org,,"Black African-American","GC5000 series",,"National Guard","2015 Fall",false,GRES,,"Ira A Fulton Engineering",Valid
35,,Krajcik,Kendra,Mrs.,,"Greenholt and Sons","35748 Dora Inlet",Morarfort,Pennsylvania,60814,"United States","(248) 785-4924 x1992",253.714.6084,"(901) 321-4098 x2239",krajcik@example.com,,,"Test Scores",Prospect,Cold,false,false,true,false,true,Female,"1989-08-15 01:45:05.000000",krajcik@example.com,Doctoral,,Unknown,Email,true,Undecided,kendra@example.org,,Hispanic,"GC3000 series",,"I am active duty","2016 Fall",false,GRAS,,"Info Session - Campus",Temp
36,,Green,Quinton,Prof,,"Carroll, Spencer and Nicolas","43048 Tatum Pines","North Cathyborough",Delaware,29569,"United States","512.434.9464 x5874","(979) 224-0453",956-810-6420,green@example.org,,,Event,Inactive,Hot,false,false,false,false,false,Male,"1991-01-17 17:55:23.000000",green@example.org,Non-Degree,,Unknown,"Home Phone",true,Part-time,quinton@example.com,3.58375143607501,"Black African-American","GC5000 series",3.3669103002196,"I am a spouse or dependent of an active duty or veteran","2017 Spring",false,GRAS,,"Degree Search",Role
37,,VonRueden,Bernadine,Ms.,,"Paucek Inc","52046 Powlowski Valleys","Port Shanie",Arizona,49576-2297,"United States",860-925-0891,"(706) 561-0023 x6614","(765) 646-5407 x7482",vonrueden@example.org,,,"ASU UG",Prospect,Warm,false,false,false,false,true,Female,"1989-07-02 06:46:21.000000",vonrueden@example.org,Certificate,,Yes,Email,false,Undecided,bernadine@example.net,3.07136130557217,White,"GC3000 series",1.28344229365128,"I am a veteran","2016 Fall",false,GRNH,,"Nursing & Health Innovation",Temp
38,,Sauer,Braeden,Dr.,,"Weissnat, Luettgen and Balistreri","447 Lacey Ports",Murphyland,"South Dakota",60015,"United States","217-860-1483 x3579","662-865-1687 x2715","513.601.7332 x1778",sauer@example.net,,,"Partial App",Prospect,Warm,true,false,true,true,true,Female,"1993-08-13 10:40:59.000000",sauer@example.net,Masters,,Yes,"Local Phone",false,Part-time,braeden@example.org,,"Black African-American","GC3000 series",,Reserves,"2014 Fall",false,GRTE,,"College Of Public Programs",Role
39,,Botsford,Albina,Prof,,"Brekke and Sons","7498 Kshlerin Spring","South Esta","New York",64284-9707,"United States",715.217.4972,"409.919.0441 x1875","760-502-4264 x9256",botsford@example.com,,,"College Fair - Int",Inactive,Cold,false,false,true,false,true,Female,"1990-10-05 02:35:56.000000",botsford@example.com,Masters,,No,"Home Phone",false,"No response",albina@example.com,2.48974691265435,Asian,"GC1000 series",2.58984641990979,"I am a veteran","2016 Spring",false,GRCS,,"Health Solutions",Temp
40,,Conn,Rosanna,Mr.,,Jakubowski-Toy,"3526 Hayden Summit",Leuschkeport,Massachusetts,27159,"United States",508.479.5684,"318-217-4341 x7238","424.984.5451 x8708",conn@example.net,,,"College Fair - US",Prospect,Cold,false,false,false,false,true,Male,"1994-11-05 17:28:08.000000",conn@example.net,Doctoral,,Yes,Email,true,Part-time,rosanna@example.com,3.45089246284694,"Black African-American","GC1000 series",2.85102877110994,"I am a spouse or dependent of an active duty or veteran","2014 Fall",false,GRPP,,GRE,Role
41,,Towne,Genesis,Mrs.,,Buckridge-Wiegand,"792 Aliyah Highway","New Juniorshire",Texas,77307,"United States","914-423-7071 x1126","541-712-3491 x3216","989.509.5921 x5383",towne@example.net,,,"Employee Referral",Prospect,Cold,true,false,false,false,false,Female,"1993-08-04 06:01:43.000000",towne@example.net,Non-Degree,,Unknown,"Mobile Phone",false,"No response",genesis@example.org,,"Black African-American","GC1000 series",,"I am a spouse or dependent of an active duty or veteran","2015 Fall",false,GRTS,,Idealist,Temp
42,,Walsh,Bell,Mr.,,"Rosenbaum Group","6606 Shanahan Island",Satterfieldchester,Illinois,55806,"United States","(281) 973-6112 x8086","952-620-1964 x6010",760.916.2245,walsh@example.com,,,"College Fair - Int",Prospect,Cold,true,false,false,true,true,Male,"1992-01-25 00:59:02.000000",walsh@example.com,Non-Degree,,Unknown,Email,false,Undecided,bell@example.org,1.11138862786224,White,"GC1000 series",3.24075639725499,"I am a veteran","2016 Spring",true,GRCS,,"Cronkite School-Journ/MassComm",Temp
43,,Schowalter,Ferne,Ms.,,"Koch Group","966 Buckridge Flat","Lake Mustafa",Arkansas,44219-5836,"United States","(815) 229-4926 x5762","910-973-4101 x0181","407.804.0362 x8299",schowalter@example.org,,,"Phone Call",Prospect,Hot,true,false,false,true,true,Female,"1992-11-15 03:02:33.000000",schowalter@example.org,Doctoral,,Unknown,"Local Phone",true,Undecided,ferne@example.com,,"Black African-American","GC1000 series",,Reserves,"2017 Spring",true,GRTE,,"GRE Subject",Temp
44,,Herman,Tiffany,Ms.,,Marvin-Kertzmann,"639 Kiel Pike","South Retha",Delaware,13943-4823,"United States",216-651-2742,"940-872-0827 x9599","(470) 936-9084 x6588",herman@example.net,,,"College Fair - US",Prospect,Cold,false,false,false,false,true,Female,"1994-05-18 14:18:57.000000",herman@example.net,Non-Degree,,Yes,"Mobile Phone",false,Undecided,tiffany@example.net,,White,"GC1000 series",,"I am a veteran","2015 Spring",false,GRPP,,Import,Valid
45,,Altenwerth,Alek,Prof,,"Keebler, Mante and Runolfsson","5040 Witting Park",Meghanbury,"West Virginia",14467,"United States","916-626-6534 x2244","407-559-8881 x8603","(564) 508-9750 x6525",altenwerth@example.net,,,"ASU UG",Inactive,Hot,false,false,false,false,false,Female,"1993-05-07 03:55:03.000000",altenwerth@example.net,Non-Degree,,Yes,"Local Phone",true,Part-time,alek@example.com,1.66153780197953,White,"GC1000 series",1.13893638268864,"I am a veteran","2014 Fall",true,GRTE,,"New Interdis Arts & Sciences",Valid
46,,Hickle,Graham,Mr.,,"Mohr and Sons","8358 Terry Valleys",Vivienhaven,"New Mexico",21130,"United States","217-248-0775 x2957","517.405.6339 x8460",603-239-3601,hickle@example.net,,,"Phone Call",Prospect,Warm,false,false,false,false,true,Male,"1992-03-08 12:02:41.000000",hickle@example.net,Non-Degree,,No,Email,false,Undecided,graham@example.net,1.66063992742734,"Pacific Islander","GC1000 series",1.83909406022348,"I am a spouse or dependent of an active duty or veteran","2016 Fall",true,GRNU,,TOEFL,Role
47,,"O'Hara",Arielle,Prof,,"Moore, Rohan and Runte","7233 Nolan Lane","South Demetrius",Pennsylvania,61505,"United States","(557) 856-9378","810-336-4046 x1141","464-678-7801 x8625",o_hara@example.org,,,"Employee Referral",Prospect,Warm,true,false,false,false,false,Male,"1994-01-21 23:34:07.000000",o_hara@example.org,Certificate,,Unknown,"Mobile Phone",true,Part-time,arielle@example.com,,Hispanic,"GC5000 series",,Reserves,"2017 Spring",true,GRNH,,NAU,Role
48,,Barrows,Lafayette,Mr.,,"Abshire Group","84381 Rath Divide",Legrostown,"West Virginia",46325,"United States","252-501-1759 x1700","972.206.3391 x1382","(415) 620-5556",barrows@example.org,,,"Employee Referral",Prospect,Cold,true,false,false,true,false,Male,"1991-01-03 12:42:23.000000",barrows@example.org,Certificate,,No,Email,true,Part-time,lafayette@example.org,,White,"GC5000 series",,Reserves,"2015 Fall",true,GRNH,,"Degree Search",Valid
49,,Kris,Tierra,Ms.,,"Pouros, Weissnat and Goodwin","8742 Wunsch Union","New Coystad",Georgia,68248,"United States","(815) 615-8040 x4066","707-475-4887 x0279","516-321-1132 x7824",kris@example.com,,,"Test Scores",Inactive,Hot,true,false,false,false,true,Female,"1992-06-08 12:06:42.000000",kris@example.com,Non-Degree,,Unknown,Email,true,Part-time,tierra@example.com,,Asian,"GC3000 series",,"I am active duty","2016 Fall",true,LWLW,,"Ira A Fulton Engineering",Role
50,,Dibbert,Florian,Dr.,,"Davis and Sons","778 Parker Common","North Elisabethfort",Nevada,75140,"United States","(409) 774-6521 x7676","(980) 513-0984 x6741","316.585.8007 x4861",dibbert@example.com,,,Walk-in,Inactive,Cold,true,false,true,true,true,Female,"1990-06-04 12:13:44.000000",dibbert@example.com,Masters,,Unknown,Email,true,Part-time,florian@example.com,,White,"GC5000 series",,"I am active duty","2017 Fall",false,GRHI,,"Coll Technology & Innovation",Temp
51,,Rogahn,Cierra,Ms.,,"Bailey, Lemke and Dibbert","918 Funk Lights","West Isabellaberg","West Virginia",76263,"United States","(975) 912-8092 x6999","(406) 260-8123 x6506",630-980-2876,rogahn@example.org,,,"Phone Call",Prospect,Hot,true,false,false,false,true,Female,"1990-04-02 16:26:21.000000",rogahn@example.org,Certificate,,No,"Local Phone",false,Part-time,cierra@example.com,3.70217350591831,"Black African-American","GC3000 series",2.12900028635922,"I am a veteran","2016 Spring",true,GRNU,,"CA Diversity",Valid
52,,Waters,Ian,Ms.,,"Lynch, Lueilwitz and Kerluke","444 Colleen Mountains",Adelinechester,Alaska,88772,"United States","(860) 414-8758 x4012",231-386-6975,"(870) 817-3623 x8550",waters@example.net,,,"Phone Call",Open,Hot,true,false,true,false,true,Female,"1993-09-27 00:51:12.000000",waters@example.net,Certificate,,No,"Mobile Phone",true,Full-time,ian@example.com,,Hispanic,"GC5000 series",,Reserves,"2017 Fall",true,GRPP,,Conference,Role
53,,Corkery,Rolando,Mr.,,Ebert-Grady,"1687 Jerde Point",Lakinhaven,"Rhode Island",45047-7211,"United States","(240) 213-4296 x2300","(323) 914-5589 x1027",215-503-4363,corkery@example.net,,,Walk-in,Open,Cold,true,false,false,false,false,Male,"1991-04-13 07:00:39.000000",corkery@example.net,Certificate,,Unknown,"Home Phone",false,Full-time,rolando@example.net,2.17363355166614,White,"GC1000 series",1.8287831674465,"I am a veteran","2016 Spring",false,GRTS,,NNE,Valid
54,,"O'Keefe",Valentina,Mrs.,,Crooks-Wyman,"937 Blick Haven",Cleveberg,Vermont,72883-9142,"United States","203-754-5976 x7734",610-337-0254,"(260) 850-7567",o.keefe@example.org,,,"Employee Referral",Prospect,Cold,true,false,true,false,false,Female,"1993-09-30 20:25:45.000000",o.keefe@example.org,Non-Degree,,Yes,Email,false,Part-time,valentina@example.org,3.09431670550117,"Black African-American","GC1000 series",2.19856264148235,"National Guard","2016 Spring",false,GRLA,,"EGSS GRE Prep",Valid
55,,Legros,Dina,Dr.,,"Gulgowski and Sons","87790 Rae Throughway",Greenside,"Rhode Island",83442-7774,"United States","351-303-4420 x6309",615.253.9354,"509-415-5888 x0501",legros@example.net,,,"Employee Referral",Open,Hot,false,false,true,false,false,Male,"1992-02-09 10:30:19.000000",legros@example.net,Certificate,,Unknown,"Local Phone",true,"No response",dina@example.org,2.7801915843864,"Am. Indian Alaska Native","GC3000 series",2.18127504536222,"I am active duty","2014 Fall",true,GRCS,,"Ira A Fulton Engineering",Valid
56,,Ziemann,Blaise,Mrs.,,Walsh-Rohan,"2744 Kara Glens","East Williamberg",Missouri,93883,"United States","(835) 478-4089 x2817",984-464-1411,"908-707-4174 x9955",ziemann@example.com,,,"Phone Call",Open,Cold,true,false,true,false,false,Female,"1993-05-25 02:32:30.000000",ziemann@example.com,Doctoral,,Yes,Email,false,Undecided,blaise@example.com,1.7567916987598,White,"GC3000 series",3.9192018861326,Reserves,"2014 Fall",true,GRPP,,"EGSS Applying",Temp
57,,Tromp,Candelario,Mr.,,"Mante LLC","647 Sabina Vista","West Jennifer",Georgia,43014,"United States","(954) 732-7302 x2422",716-714-3500,"(612) 786-6528 x2751",tromp@example.net,,,PeopleSoft,Inactive,Hot,true,false,true,true,true,Male,"1994-06-02 17:36:17.000000",tromp@example.net,Certificate,,Yes,Email,false,Part-time,candelario@example.com,,Asian,"GC5000 series",,Reserves,"2015 Fall",false,GRCS,,Conference,Temp
58,,Douglas,Amiya,Prof,,"Greenfelder, Thompson and Beahan","21382 Ottilie Hill",Kiehnhaven,Massachusetts,56090,"United States",478-623-1408,"(678) 713-0029","217.562.9653 x0928",douglas@example.net,,,"Purchased List",Inactive,Cold,false,false,false,true,false,Unknown,"1991-11-01 08:16:12.000000",douglas@example.net,Masters,,Unknown,"Mobile Phone",false,Full-time,amiya@example.com,3.10842142143991,Asian,"GC3000 series",2.9561721248894,"I am active duty","2015 Fall",false,GRTS,,"New Interdis Arts & Sciences",Role
59,,Beier,Eldred,Mr.,,"Sporer, Gerlach and Lang","35344 Effertz Gardens",Wilberstad,Virginia,68489-0490,"United States","512.806.1533 x4553",610.210.5669,"(601) 760-4085",beier@example.com,,,Walk-in,Prospect,Warm,true,false,true,false,true,Male,"1991-04-12 08:50:47.000000",beier@example.com,Non-Degree,,Yes,Email,true,Full-time,eldred@example.com,3.20587483505875,"Black African-American","GC3000 series",1.6460113758988,"National Guard","2014 Fall",false,GRCS,,"Coll Technology & Innovation",Valid
60,,Will,Zelma,Dr.,,"Purdy, Von and McClure","9368 Oscar Wall","Lake Zechariahton",California,90702,"United States","(414) 785-9266","(470) 872-4331 x7540","(703) 231-2836 x1132",will@example.org,,,"ASU UG",Prospect,Hot,false,false,true,false,false,Unknown,"1992-04-04 10:19:58.000000",will@example.org,Masters,,Yes,"Home Phone",false,Full-time,zelma@example.org,,"Am. Indian Alaska Native","GC1000 series",,"I am a spouse or dependent of an active duty or veteran","2017 Spring",false,GRTE,,"New Interdis Arts & Sciences",Valid
61,,Fay,Alvera,Mr.,,"Breitenberg Group","4471 Thiel Burgs",Xavierland,Utah,40511,"United States","(630) 631-1822",620.414.4039,949.267.7330,fay@example.org,,,"Phone Call",Prospect,Warm,true,false,true,true,false,Male,"1996-01-22 16:49:10.000000",fay@example.org,Doctoral,,No,"Mobile Phone",false,Part-time,alvera@example.org,1.75589169821667,White,"GC1000 series",3.41408443597331,"National Guard","2015 Fall",true,GRTS,,Conference,Valid
62,,Larson,Joanie,Dr.,,"Ondricka Group","3237 Prohaska Islands","Lake Jonathonfurt",Wyoming,66838-4112,"United States","708.612.5188 x0967","(704) 667-2966",203-928-2671,larson@example.org,,,"College Fair - Int",Open,Cold,false,false,false,true,true,Female,"1989-10-09 12:43:39.000000",larson@example.org,Non-Degree,,No,"Home Phone",false,Part-time,joanie@example.com,,"Black African-American","GC1000 series",,"National Guard","2015 Fall",false,GRHI,,"Ira A Fulton Engineering",Valid
63,,Roberts,Edmund,Prof,,"Kuhn Inc","59186 Jerrod Curve","Port Ariport",California,99954-3389,"United States","979-773-3159 x1144","484.661.8957 x7083",562.915.9609,roberts@example.com,,,Email,Inactive,Hot,true,false,true,false,true,Unknown,"1989-11-30 11:54:11.000000",roberts@example.com,Non-Degree,,No,"Home Phone",false,"No response",edmund@example.com,,"Black African-American","GC5000 series",,"National Guard","2017 Fall",true,GRGC,,"Coll Technology & Innovation",Temp
64,,Mayert,Claud,Prof,,"Corwin LLC","7716 Margret Stravenue",Hirtheport,Delaware,76375,"United States","972-410-1643 x7347","423.618.9035 x7592","845-708-8865 x1667",mayert@example.org,,,"Web Form",Prospect,Hot,false,false,true,true,true,Female,"1992-01-12 18:18:36.000000",mayert@example.org,Certificate,,Unknown,"Mobile Phone",false,Undecided,claud@example.net,,"Am. Indian Alaska Native","GC3000 series",,"I am a veteran","2016 Spring",false,GRPP,,"Nursing & Health Innovation",Role
65,,Crist,Milton,Prof,,Gislason-Baumbach,"964 Ladarius Falls","Lake Troychester",Illinois,64951-1264,"United States","(336) 605-9582 x2984","(828) 845-9804 x8008","(802) 817-4785 x1849",crist@example.net,,,Advertisement,Open,Cold,false,false,false,false,false,Unknown,"1990-08-18 15:49:59.000000",crist@example.net,Doctoral,,No,Email,false,Full-time,milton@example.net,3.14977649276486,"Pacific Islander","GC3000 series",1.3637980632311,"I am a spouse or dependent of an active duty or veteran","2017 Fall",false,GRTE,,"School of Sustainability",Role
66,,Wunsch,Dayana,Mr.,,Feeney-Brakus,"8959 Kadin Junction",Elisaberg,Nebraska,34026-2038,"United States","(715) 682-5018 x2564","661-310-3022 x1042","530-224-8622 x3662",wunsch@example.net,,,"Phone Call",Open,Hot,false,false,true,true,true,Male,"1991-09-29 01:22:47.000000",wunsch@example.net,Certificate,,Yes,Email,false,Undecided,dayana@example.org,,"Am. Indian Alaska Native","GC1000 series",,"I am a veteran","2017 Fall",false,GRTE,,"EGSS Financing",Valid
67,,Kuhlman,Brandy,Mr.,,"Ferry, Gislason and Jast","561 Lindgren Place","West Edythe",Wyoming,47811,"United States","815.801.0956 x9000","260.808.6344 x6306","330.276.3605 x4593",kuhlman@example.net,,,"College Fair - Int",Prospect,Warm,false,false,true,false,false,Male,"1991-09-12 21:04:46.000000",kuhlman@example.net,Certificate,,Unknown,"Mobile Phone",true,Undecided,brandy@example.com,2.21260969523181,White,"GC5000 series",2.2936589996233,"National Guard","2016 Spring",true,LWLW,,"ASU Online",Temp
68,,Jakubowski,Marlene,Prof,,"Hayes LLC","18458 Prosacco Isle","East Mercedes",Indiana,11853-4626,"United States",445-256-2262,"(775) 260-4842 x2357","913.540.3466 x2439",jakubowski@example.org,,,"College Fair - Int",Inactive,Cold,true,false,false,true,true,Female,"1990-10-31 20:34:43.000000",jakubowski@example.org,Masters,,Unknown,Email,false,Undecided,marlene@example.org,3.11290920507554,"Am. Indian Alaska Native","GC3000 series",1.47589191684224,"I am a veteran","2017 Spring",true,GRNH,,"MaryLouFulton Teachers College",Valid
69,,Senger,Ahmad,Ms.,,Dicki-Kohler,"605 Jabari Stravenue",Sawaynshire,Utah,96885,"United States","557-858-6986 x7166",407-959-4035,480-253-2719,senger@example.com,,,"ASU UG",Inactive,Cold,false,false,false,false,false,Female,"1994-09-21 16:37:23.000000",senger@example.com,Certificate,,No,"Home Phone",true,Full-time,ahmad@example.org,2.94811287938834,White,"GC1000 series",2.65422928521499,Reserves,"2014 Fall",true,GRSU,,"W.P. Carey School Of Business",Temp
70,,Spinka,Mazie,Prof,,Bechtelar-Sawayn,"17948 Bins Lake","New Angela",Virginia,49852,"United States","(901) 318-0282",502-614-1188,"641.517.1929 x2191",spinka@example.com,,,"Test Scores",Inactive,Cold,true,false,true,false,false,Unknown,"1994-08-21 11:47:03.000000",spinka@example.com,Masters,,Unknown,Email,true,"No response",mazie@example.org,1.21068770401674,"Black African-American","GC1000 series",2.24749666664933,"I am a spouse or dependent of an active duty or veteran","2017 Fall",false,GRNH,,"Cronkite School-Journ/MassComm",Temp
71,,Wiegand,Van,Dr.,,"Cassin, Beahan and Walsh","892 Kunze Flats","Lake Marielle",Missouri,47261,"United States","(615) 423-6880","256.469.7410 x7240","216-610-3369 x4641",wiegand@example.org,,,Email,Prospect,Warm,true,false,false,true,true,Female,"1995-06-19 06:51:25.000000",wiegand@example.org,Doctoral,,Unknown,"Home Phone",false,Full-time,van@example.net,,White,"GC1000 series",,"I am a veteran","2015 Fall",true,GRES,,"Info Session - Campus",Valid
72,,Kub,Cathryn,Mrs.,,Dooley-Dickinson,"683 Horacio Flats","East Dawn","North Carolina",38595-5823,"United States","(859) 661-6681 x0258","(318) 925-3197","605-712-0170 x4999",kub@example.org,,,"Phone Call",Prospect,Cold,false,false,true,false,true,Female,"1995-08-06 21:29:43.000000",kub@example.org,Non-Degree,,No,Email,true,"No response",cathryn@example.net,,White,"GC5000 series",,"National Guard","2016 Fall",false,GRBA,,"EGSS Personal Statement",Valid
73,,Goyette,Tatyana,Prof,,Lakin-Graham,"173 Heidenreich Fields","North Cyrusbury",Iowa,93455-5486,"United States",740.510.3020,"475.557.8791 x5947",440-603-3671,goyette@example.com,,,Walk-in,Inactive,Warm,false,false,true,true,false,Female,"1991-08-09 22:36:04.000000",goyette@example.com,Masters,,Yes,Email,true,Undecided,tatyana@example.org,1.89438886020735,Hispanic,"GC5000 series",2.42108841856228,"National Guard","2016 Fall",true,GRES,,"EGSS Applying",Temp
74,,Goldner,Giuseppe,Prof,,"Stroman Group","298 Fritsch Green",Hilllfort,Maryland,43777,"United States","940-564-6068 x0872","612.878.7071 x2049","570.202.9117 x8886",goldner@example.net,,,Walk-in,Prospect,Cold,true,false,false,false,true,Male,"1993-09-02 06:10:08.000000",goldner@example.net,Non-Degree,,Unknown,"Mobile Phone",false,Undecided,giuseppe@example.net,,Asian,"GC1000 series",,"I am active duty","2014 Fall",false,GRNU,,Conference,Valid
75,,Anderson,Casandra,Mr.,,"Shanahan, Wiegand and Moen","551 Spencer Track",Krajcikborough,"New Jersey",44183,"United States","208.586.1571 x0873",830.724.2688,"(307) 571-8462 x2415",anderson@example.net,,,Email,Prospect,Cold,false,false,true,false,false,Male,"1989-07-18 19:33:00.000000",anderson@example.net,Doctoral,,Yes,"Mobile Phone",true,Undecided,casandra@example.org,,"Pacific Islander","GC1000 series",,"National Guard","2016 Fall",false,GRLA,,"USA Today",Role
76,,Kuhlman,Allene,Dr.,,"Fahey, Bechtelar and Emmerich","4677 Herman Rest","Port Kellen",Montana,74252-9803,"United States",952-601-3758,"984-206-0434 x3329","470-712-7967 x8149",kuhlman@example.net,,,"Purchased List",Open,Cold,true,false,true,true,false,Female,"1993-02-06 03:25:56.000000",kuhlman@example.net,Non-Degree,,No,Email,true,Undecided,allene@example.com,3.70751212460644,Asian,"GC1000 series",2.76658405375473,"I am active duty","2017 Spring",false,GRCS,,"Health Solutions",Temp
77,,Heathcote,Willy,Mrs.,,"Pouros, Gerhold and Zemlak","722 Alfonzo Ferry","South Blakeport","North Dakota",23400-4270,"United States","415-605-2242 x2070","267-959-5452 x9672","402.561.8741 x1071",heathcote@example.com,,,"Test Scores",Inactive,Warm,false,false,false,true,true,Female,"1996-01-22 07:15:26.000000",heathcote@example.com,Certificate,,No,Email,false,"No response",willy@example.org,3.73332775204356,"Black African-American","GC5000 series",2.80526920367932,Reserves,"2015 Fall",false,GRLA,,"Health Solutions",Valid
78,,Mitchell,Schuyler,Mr.,,Pagac-Bartell,"4944 Weissnat Mountains",Ullrichburgh,"South Dakota",38154,"United States","667.804.4872 x6050","724-802-2753 x9650","636.205.8709 x0675",mitchell@example.com,,,"Purchased List",Open,Cold,true,false,true,false,false,Male,"1992-06-30 12:45:43.000000",mitchell@example.com,Non-Degree,,No,"Mobile Phone",false,Full-time,schuyler@example.net,3.63723911322339,Asian,"GC1000 series",1.56264878760164,"I am active duty","2015 Spring",false,GRHI,,"CA Diversity",Temp
79,,Trantow,Margarette,Dr.,,"Wyman, Ritchie and Gerhold","86165 Wilkinson Light","New Okey",Virginia,36085-4570,"United States","(308) 835-6219 x1836",419-706-3013,737-615-3329,trantow@example.net,,,"ASU UG",Inactive,Hot,true,false,true,false,false,Unknown,"1995-09-10 08:30:44.000000",trantow@example.net,Certificate,,No,"Mobile Phone",false,Full-time,margarette@example.org,3.28884917876094,"Pacific Islander","GC3000 series",2.34295649119436,Reserves,"2017 Fall",true,GRPP,,"Graduate College",Role
80,,Shanahan,Jayce,Prof,,"Pfannerstill, Wolf and Hane","44730 Macejkovic Meadow","East Enola",Michigan,51582-4705,"United States","701-959-5653 x8298","972.847.2948 x4212","667-219-1921 x0592",shanahan@example.com,,,"Phone Call",Prospect,Cold,false,false,false,true,true,Female,"1994-01-30 13:57:13.000000",shanahan@example.com,Non-Degree,,Yes,"Mobile Phone",true,Undecided,jayce@example.net,,"Pacific Islander","GC3000 series",,"National Guard","2017 Spring",false,GRBA,,"EGSS Financing",Temp
81,,Carter,Agustin,Mrs.,,"Abernathy Group","982 Tyree Stravenue","East Dorthastad",Massachusetts,45171-4089,"United States","667-606-9791 x4446","203-971-1709 x5333","(864) 843-8450",carter@example.net,,,Email,Prospect,Warm,false,false,true,false,false,Female,"1993-04-10 05:33:30.000000",carter@example.net,Masters,,Unknown,"Home Phone",false,Full-time,agustin@example.com,,"Am. Indian Alaska Native","GC1000 series",,"I am active duty","2017 Spring",true,GRSU,,NAU,Temp
82,,Robel,Marshall,Ms.,,"Carter, Reilly and Hahn","423 VonRueden Locks",Swaniawskiside,Delaware,28953-9035,"United States",251-513-4254,323-805-4867,"781.708.6939 x5923",robel@example.com,,,Event,Inactive,Cold,true,false,true,true,true,Female,"1996-05-11 09:03:34.000000",robel@example.com,Non-Degree,,No,"Mobile Phone",true,Undecided,marshall@example.org,,"Black African-American","GC3000 series",,"I am active duty","2016 Spring",false,GRHI,,"Nursing & Health Innovation",Valid
83,,Kris,Ron,Dr.,,"Nader, Huel and Brown","900 Bailey Mountains","North Olga",Illinois,35201,"United States",858-224-3995,"609-907-6811 x9686","205-225-7942 x0128",kris@example.com,,,"Purchased List",Open,Cold,true,false,false,false,false,Unknown,"1995-02-04 14:38:33.000000",kris@example.com,Masters,,Unknown,"Mobile Phone",false,Part-time,ron@example.net,,Hispanic,"GC5000 series",,"I am a veteran","2015 Spring",true,GRPP,,"EGSS Applying",Temp
84,,Dickens,Anita,Mrs.,,Heidenreich-Marquardt,"849 Connie Locks","Lake Elisabeth",Montana,36767-7863,"United States",478-704-0488,"215.405.6101 x6130","(906) 308-2184 x5131",dickens@example.com,,,"College Fair - Int",Prospect,Cold,true,false,true,false,true,Female,"1995-07-28 00:59:52.000000",dickens@example.com,Certificate,,No,"Home Phone",false,Part-time,anita@example.com,2.96185836374976,"Am. Indian Alaska Native","GC5000 series",1.25471861510474,"I am a spouse or dependent of an active duty or veteran","2014 Fall",false,GRHI,,"EGSS Financing",Valid
85,,Schamberger,Richmond,Mr.,,"Lind, Doyle and Homenick","371 Helena Spurs",Gleasonbury,Iowa,64524,"United States","(530) 413-9234 x3854","737-940-5337 x3051","(401) 617-3999",schamberger@example.com,,,"Web Form",Prospect,Hot,true,false,false,false,true,Male,"1990-10-04 14:13:37.000000",schamberger@example.com,Masters,,Yes,"Home Phone",false,Full-time,richmond@example.com,,"Am. Indian Alaska Native","GC3000 series",,"I am active duty","2017 Fall",true,GRNU,,"Health Solutions",Temp
86,,Bergstrom,Una,Mrs.,,"Stoltenberg Inc","7125 Deshawn Spur","West Kenya",Delaware,93527-4339,"United States",435-717-1196,"(914) 989-7178 x7499",564-217-3330,bergstrom@example.net,,,"Employee Referral",Inactive,Hot,true,false,false,false,true,Female,"1989-11-18 21:45:49.000000",bergstrom@example.net,Non-Degree,,No,Email,true,"No response",una@example.org,,"Black African-American","GC3000 series",,Reserves,"2016 Fall",true,GRPP,,"CA Diversity",Temp
87,,Green,Aurelio,Prof,,"Pagac Inc","38039 Onie Turnpike",Joannieberg,Alabama,12921-2639,"United States","(504) 848-8472 x5128","(919) 765-3880 x6230",716-530-0329,green@example.com,,,"Phone Call",Prospect,Warm,true,false,false,true,true,Unknown,"1993-09-08 20:40:06.000000",green@example.com,Masters,,Yes,"Home Phone",false,Undecided,aurelio@example.com,,"Black African-American","GC3000 series",,"I am active duty","2017 Fall",true,GRLA,,"Graduate Education",Role
88,,Kertzmann,Maida,Prof,,Nikolaus-Wunsch,"958 Cordia Creek",Kiehnshire,"Rhode Island",41564,"United States",619.859.4586,"603-712-5015 x3649",610-401-9829,kertzmann@example.com,,,"Purchased List",Open,Hot,true,false,true,false,true,Unknown,"1993-07-04 17:43:59.000000",kertzmann@example.com,Doctoral,,Yes,"Local Phone",true,"No response",maida@example.org,1.6618504790592,"Am. Indian Alaska Native","GC5000 series",1.24975710828972,"I am a spouse or dependent of an active duty or veteran","2015 Spring",true,GRNU,,"Graduate College",Role
89,,Will,Yvette,Mrs.,,Leannon-Ankunding,"69386 Bethany Pike",Kozeyborough,Michigan,68770,"United States","904-917-4342 x9216",847-975-2368,678-308-0640,will@example.com,,,"Partial App",Prospect,Cold,false,false,true,true,true,Female,"1995-08-30 01:53:25.000000",will@example.com,Certificate,,No,"Mobile Phone",true,Part-time,yvette@example.org,,White,"GC1000 series",,Reserves,"2016 Fall",true,GRSU,,"College Of Public Programs",Role
90,,Dickinson,Gaston,Ms.,,"Hand, Parisian and Dare","8462 Marco Square",Demondborough,Delaware,31962,"United States","318-805-6345 x6844","702.774.2532 x0300","(678) 301-6594 x8756",dickinson@example.com,,,Email,Open,Warm,true,false,false,false,false,Female,"1994-12-19 15:15:27.000000",dickinson@example.com,Masters,,No,"Home Phone",true,Part-time,gaston@example.net,,"Pacific Islander","GC5000 series",,Reserves,"2015 Fall",true,LWLW,,"Coll Technology & Innovation",Role
91,,Botsford,Lester,Mr.,,Toy-Witting,"473 Crona Fork",Robertsfurt,Delaware,13790-6055,"United States","435-567-2622 x2127","802-551-7200 x6131","(848) 731-6684 x1827",botsford@example.com,,,"Employee Referral",Open,Warm,true,false,false,false,false,Male,"1995-07-12 07:16:56.000000",botsford@example.com,Certificate,,Unknown,"Home Phone",true,Part-time,lester@example.com,3.27974963542348,Asian,"GC1000 series",2.48848848608818,Reserves,"2017 Fall",true,GRAS,,NAU,Valid
92,,Gerlach,Missouri,Prof,,Welch-Herzog,"84620 Velma Crescent","New Velvamouth","North Carolina",15220-7542,"United States","219.571.2328 x8084",732.860.8399,901.470.2755,gerlach@example.net,,,"Partial App",Prospect,Hot,false,false,false,true,false,Unknown,"1993-07-18 23:50:30.000000",gerlach@example.net,Non-Degree,,Unknown,"Home Phone",false,Part-time,missouri@example.com,,Asian,"GC1000 series",,"I am active duty","2015 Spring",true,GRPP,,"Graduate College",Temp
93,,Lemke,Lottie,Mr.,,Wunsch-Ziemann,"42247 Elenora Neck",Johnsville,Idaho,20003,"United States","(414) 865-3029","812-217-9898 x4065",234-434-5555,lemke@example.net,,,Walk-in,Open,Hot,true,false,true,false,true,Male,"1994-11-25 03:59:11.000000",lemke@example.net,Certificate,,Unknown,"Mobile Phone",true,Part-time,lottie@example.net,2.56302704796999,"Pacific Islander","GC5000 series",1.86706022109189,"I am a veteran","2017 Fall",true,GRTS,,"EGSS Personal Statement",Temp
94,,Tillman,Karl,Mr.,,Senger-Orn,"4426 Conn Ways","South Bryanashire",Minnesota,78989,"United States",267-949-1349,475.936.9580,"612.917.7323 x6126",tillman@example.com,,,"College Fair - US",Inactive,Hot,true,false,true,false,false,Male,"1989-07-21 09:48:33.000000",tillman@example.com,Masters,,No,"Mobile Phone",true,Full-time,karl@example.net,,"Am. Indian Alaska Native","GC1000 series",,"I am active duty","2015 Spring",false,GRGC,,Conference,Valid
95,,Cummings,Dario,Ms.,,"Wiegand, Jacobs and Russel","510 America Island","West Marlonberg",Hawaii,40248,"United States","(475) 479-8611 x2527","252-940-6735 x5108",630-928-2659,cummings@example.org,,,"Purchased List",Open,Hot,true,false,false,false,true,Female,"1994-11-21 13:08:12.000000",cummings@example.org,Doctoral,,No,"Mobile Phone",true,Full-time,dario@example.org,,"Am. Indian Alaska Native","GC1000 series",,Reserves,"2017 Spring",false,GRES,,"EGSS Financing",Valid
96,,Balistreri,Ashlynn,Ms.,,"Grady-O'Reilly","32584 Treutel Meadows","North Blancheburgh",Kentucky,26958-0915,"United States","(321) 947-1806 x4306","(302) 678-3928 x6064",703-947-2949,balistreri@example.org,,,Event,Inactive,Warm,false,false,true,true,true,Female,"1991-10-17 22:34:41.000000",balistreri@example.org,Certificate,,Yes,Email,true,"No response",ashlynn@example.com,,"Pacific Islander","GC3000 series",,"I am a spouse or dependent of an active duty or veteran","2017 Spring",true,GRCS,,"College Of Public Programs",Valid
97,,Gulgowski,Jeromy,Ms.,,"Runte, Schmeler and Williamson","221 Mertie Knolls",Charitystad,Arkansas,86833-9916,"United States","(972) 407-2996","651.561.3039 x2366","975-815-3764 x3633",gulgowski@example.net,,,"Web Form",Inactive,Hot,false,false,true,false,false,Female,"1990-04-29 07:27:50.000000",gulgowski@example.net,Masters,,Unknown,"Home Phone",false,Part-time,jeromy@example.org,1.91155435427561,"Black African-American","GC1000 series",2.28760696225893,Reserves,"2014 Fall",false,GRCS,,TOEFL,Role
98,,Feest,Lilly,Mrs.,,"Wolff LLC","6993 Rachelle Vista","East Bertram",Massachusetts,72045-9719,"United States","(203) 626-0444 x0292",754-216-9828,"940-619-6634 x6332",feest@example.net,,,"College Fair - Int",Open,Warm,true,false,true,false,false,Female,"1991-07-09 10:42:47.000000",feest@example.net,Masters,,Unknown,"Mobile Phone",false,Part-time,lilly@example.com,3.00726307004565,White,"GC5000 series",3.33521311898696,"National Guard","2014 Fall",true,GRSU,,NAU,Role
99,,Bartell,Nasir,Ms.,,Nikolaus-Roob,"23649 Bernier Pike",Carrollbury,Michigan,49769-3632,"United States",810-413-8027,"308-702-8883 x4252","952-608-6172 x8104",bartell@example.com,,,"College Fair - US",Open,Warm,false,false,true,true,true,Female,"1994-08-28 21:23:37.000000",bartell@example.com,Certificate,,No,"Local Phone",true,Part-time,nasir@example.net,,"Black African-American","GC5000 series",,"I am active duty","2015 Fall",false,GRBA,,"ASU Online",Valid
100,,Gibson,Tyrese,Prof,,Pacocha-Kautzer,"32335 Carole Mission","Lake Leonorland","South Carolina",50988,"United States","651-617-7176 x6476",317-931-9788,"620-231-6397 x3149",gibson@example.net,,,"College Fair - Int",Inactive,Cold,false,false,false,false,false,Female,"1991-01-23 15:35:52.000000",gibson@example.net,Certificate,,No,"Mobile Phone",true,Undecided,tyrese@example.org,2.9143467195572,Hispanic,"GC3000 series",3.43748444934933,"I am a veteran","2017 Spring",true,GRLA,,"Nursing & Health Innovation",Valid
